year,africa,north_africa,algeria,libya,morocco,tunisia,sub_saharan,angola,benin,botswana,burkina_faso,burundi,cameroon,cape_verde,central_african_rep,chad,republic_of_congo,dem_republic_of_congo,cote_divoire,djibouti,equatorial_guinea,eritrea,ethiopia,gabon,gambia,ghana,guinea,guinea_bissau,kenya,lesotho,liberia,madagascar,malawi,mali,mauritania,mauritius,mozambique,namibia,niger,nigeria,rwanda,senegal,seychelles,sierra_leone,somalia,south_africa,south_sudan,sudan,eswatini,tanzania,togo,uganda,zambia,zimbabwe,americas,central_america_and_the_caribbean,belize,costa_rica,cuba,dominican_republic,el_salvador,guatemala,haiti,honduras,jamaica,mexico,nicaragua,panama,trinidad_and_tobago,north_america,canada,usa,south_america,argentina,bolivia,brazil,chile,colombia,ecuador,guyana,paraguay,peru,uruguay,venezuela,asia_and_oceania,central_asia,kazakhstan,kyrgyzstan,tajikistan,turkmenistan,uzbekistan,east_asia,china,japan,north_korea,south_korea,mongolia,taiwan,south_asia,afghanistan,bangladesh,india,nepal,pakistan,sri_lanka,south_east_asia,brunei,cambodia,indonesia,laos,malaysia,myanmar,philippines,singapore,thailand,timor_leste,viet_nam,oceania,australia,fiji,new_zealand,papua_new_guinea,europe,central_europe,albania,bosnia_herzegovina,bulgaria,croatia,czechia,czechoslovakia,estonia,german_dr,hungary,kosovo,latvia,lithuania,montenegro,north_macedonia,poland,romania,serbia,slovakia,slovenia,yugoslavia ,eastern_europe,armenia,azerbaijan,belarus,georgia,moldova,russia,ukraine,ussr,western_europe,austria,belgium,cyprus,denmark,finland,france,germany,greece,iceland,ireland,italy,luxembourg,malta,netherlands,norway,portugal,spain,sweden,switzerland,uk,middle_east,bahrain,egypt,iran,iraq,israel,jordan,kuwait,lebanon,oman,qatar,saudi_arabia,syria,turkey,uae,yemen,north_yemen
1949,,,,,,,,,,,,,,,,,,,,,,,,,,,,,,,,,,,,,,,,,,,,,,,,,,,,,,,,,,0,,,,,,,,360.0879258,,,,,,144966.3623,,4316.548683,,,,,,,,798.3358379,,,,,,,,,,,,,,,,,,,,,,,,,,,,,,,,,,,,,,,,,,,,,,,,,,,,,,,,,,,,,,,,,,,,,,,,,,2155.045305,,1109.132131,,14115.79346,,825.0378243,0,,5855.517116,26.6344209,,3689.861241,1019.55728,801.9987481,2892.382344,,,,,,,,,,,,,,,,,,,,
1950,,,,,,,,,,,,,,,,,,,,,,,,,,,,,,,,,,,,,,,,,,,,,,,,,,,,,,,,,,0,,,,,,,,400.6053822,,,,,3824.962367,155796.6592,,3421.638566,,,,,,,,866.958746,,,,,,,,,,,,,,,,,,,,,,,,,,,,,,,,,,,,,2952.609886,,,,,,,,,,,,,,,,,,,,,,,,,,,,,,,,,,,,,2173.874979,,1042.01741,,15262.5008,,924.8260596,0,,6912.527305,38.91939921,,4485.438265,895.0671593,862.7822193,2711.508984,,,28272.40508,,,,,,,,,,,,,,,,,
1951,,,,,,,,,,,,,,,,,,,,,,,,,,,,,,,,,,,,,,,,,,,,,,278.9401756,,,,,,,,,,,,0,,,,,,19.62470527,,405.9686048,,,,,7751.071932,333345.7941,,2319.336958,,,,,,,,999.5532043,,,,,,,,,,,,,,,,,,,,,,,7.558612787,,,,,,,158.5395508,,,,,,,4240.967021,,,,,,,,,,,,,,,,,,,,,,,,,,,,,,,,,,,,,3217.087911,,1247.406894,,20442.23915,,1089.936972,0,,7830.807325,55.84496157,,4714.16148,1238.072423,896.2112359,2566.029061,,,33288.56237,,,,,,,,,,,,,,,,,
1952,,,,,,,,,,,,,,,,,,,,,,,,,,,,,,,,,,,,,,,,,,,,,,294.7966177,,,,,,,,,,,,0,,,,,,19.85916273,,375.46614,,,,,12457.7898,469570.7526,,2362.074857,,,,,,,,952.4576361,,,,,,,,,,,,7929.952224,,,,,,,,,,,9.86441632,,,,,,,245.4217676,,,,,,,5416.407165,,,,,,,,,,,,,,,,,,,,,,,,,,,,,,,,,,,,,4754.220179,,1710.109873,,25967.86967,,1052.630591,0,,8764.392905,90.68871269,,5572.626215,1651.62516,978.8812805,3252.324214,,,42583.35946,,,,,,383.0587441,,,,,,,,,,,
1953,,,,,,,,,,,,,,,,,,,,,,,,,,,,,,,,,,,,,,,,,,,,,,251.4384943,,,,,,,,,,,,0,,,80.83480275,,,22.1377787,,425.8350653,,,,,14295.35488,483462.1007,,3079.963151,54.30971801,1755.972891,217.8150938,,166.3661131,,,983.6913669,,,,,,,,,,,,8237.391013,,199.3236266,,,,,,,,,13.41530073,,,,,,,349.5475448,,,,,,,5451.843085,,,,,,,,,,,,,,,,,,,,,,,,,,,,,,,,,,,,,4733.072079,,2228.503046,,28922.30658,17977.16713,1006.403785,0,,7961.773344,101.7208306,,5914.667465,2078.52858,1132.931364,3188.940984,,,47310.39842,,,,,,364.0617566,,,,,,,,1194.790818,,,
1954,,,,,,,,,,,,,,,,,,,,,,,,,,,,,,,,,,,,,,,,,,,,,,236.1983727,,,,,,,,,,,,0,,,,,,20.44355274,,536.964601,,,,,13299.17229,417139.2032,,2934.610171,,,119.3252439,,,,,1005.123002,,,,,,,,,,,,9280.255172,,500.0089908,,,,,,,,,21.36052459,,,,,,,438.0686226,,,,,,,4889.734,,,,,,,,,,,,,,,,,,,,,,,,,,,,,,,,,,,,,4882.754441,,2218.476035,,24653.82764,18200.9236,1083.745484,0,,8732.667747,116.6277344,,6769.025164,2128.03554,1191.025956,3204.766403,,,44915.49934,,,,,,445.4333044,,,,,,,,1208.398677,,,
1955,,,,,,,,,,,,,,,,,,,,,,,,,,,,,,,,,,,,,,,,,,,,,,244.3884182,,,,,,,,,,,,0,,,,110.4712127,,22.55867807,,508.4007911,,,,,13169.443,394859.4261,,2963.236633,37.06542071,,167.8469666,,,,,1122.65185,,4.927525274,,,,,,,,,,9640.615072,,554.2394348,,,,,,,,,19.58261833,,,,,,,385.364923,,,,,,,4965.741858,,,,,,,,,,,,,,,,,,,,,,,,,,,,,,,,,,,,,4044.194156,,2186.928626,,22974.54447,21030.61984,1102.324671,0,,8602.789397,126.8699447,,7128.291834,1761.436876,1274.190008,3467.29465,,,42766.012,,,,,,620.0364564,,,,,,,,1221.968849,,,
1956,,,,,110.8112544,,,,,,,,,,,,,,,,,,,,,,,,,,,,,,,,,,,,,,,,,274.8016543,,110.3330043,,,,,,,,,,0,,,82.21950575,117.4361577,,24.84266429,,519.1308858,,,,,13440.146,400025.7537,,2773.724361,27.42861411,,213.1545319,,,,,1270.46169,,5.955282771,,,,,,,,,,9010.688519,,794.4045749,,,,,,2745.357985,,618.8207951,23.41531857,,,,,,,386.2527754,,,,,,,4812.502999,,1115.183294,,,,,,,,,2682.844801,,,,,,,,,,,,,,,,,,,,,,,,,,3932.244372,,2098.342393,,29364.28039,20029.11277,1423.610592,0,,8856.175868,81.15631573,,7634.601969,1720.864634,1264.901657,3679.311043,,,41974.8752,,,,,,1195.550123,,,,,,,,1131.378113,,,
1957,,,,,161.539491,,,,,,,,,,,,,,,,,,,,,,,,,,,,,,,,,,,,,,,,,396.3066486,,159.324293,,,,,,,,,,0,,,95.0095533,126.7924951,,38.60459371,,563.7339951,,,,,12835.41242,411440.0803,,4922.79991,31.48462135,2648.764447,214.5464869,,262.9842567,,,1235.249649,,8.302475274,,,,,,,,,,8623.302023,,682.8629186,,,,,,3283.248523,,513.5887754,32.01183595,,,,,,260.5343226,396.0939369,,,535.0219901,,,,4619.478776,,1075.510698,,,,,,,,,2800.597992,,,,,,,,,,,,,,,,,,,,,,,,,1263.929202,4100.173836,,2208.115474,,31433.014,24375.99393,1483.172522,0,,9136.759297,86.19165083,,7160.79239,1817.060548,1299.134007,3850.098151,,3816.306521,40532.90059,,,,,216.8866623,1056.316917,,,,,,,,1051.163163,,,
1958,,,,,215.0097767,,,,,,,,,,,,,,,,,,,,,42.55902742,,,,,,,,,,,,,,,,,,,,297.7893425,,150.5981141,,,,,,,,,,0,,225.9984054,88.96196852,124.1086667,,41.75319662,,524.0881079,,,,,11955.37382,408999.2477,,2650.904121,,2650.904223,236.5439754,448.5523611,252.424867,,,1243.31368,,8.720365676,,,,,,,,,,8808.498128,,806.1100431,,,,,,3288.82248,,533.1758732,45.11893926,,,,,,273.9410709,435.6613874,516.9934147,,474.4858798,,,,4577.031695,,1062.584001,,,,,,,,,2677.304915,,,,,,,,,,,,,,,,,,,,,,,,,1438.404984,4038.435184,,2140.112802,643.6549274,28953.78129,18260.11509,1460.572102,0,257.9268329,9407.338894,83.66607866,,6290.519496,1691.198545,1328.406372,3377.967364,,4066.450585,39470.21676,,,,,233.4100091,992.8554866,,,,,,,,1021.034295,,,
1959,,,,,250.6280392,,,,,,,,,,,,,,,,,,,,,48.48077328,,,,,,,,,,,,,,,,,,,,279.7654546,,174.6344863,,,,,,,,,,0,,,73.57230665,135.3985901,,37.75557051,,513.1518286,,,,,11185.39523,411863.9369,,1491.967608,,2103.253904,180.5955916,368.4554476,220.9303344,,,1216.009643,,7.430365541,,,,,,,,,,8795.830862,,855.2748447,,,,,,3036.425615,,628.5105807,48.91850259,,,,,,238.7317004,472.0263707,533.9845559,,486.8632644,,,,4603.085468,,1092.197084,,,,,,,,,2715.095855,,,,,,,,,,,,,,,,,,,,,,,,,1423.106589,4070.975631,,2099.496394,756.5976931,29608.56369,29255.56597,1512.218113,0,270.2678297,9699.611201,78.16883526,,5655.920177,1789.514557,1491.261587,3218.767611,,3943.045331,39270.65162,,,,,273.3457944,1053.175245,,,,,,,,1215.039003,,,
1960,,,,,250.0509983,,,,,,5.753087454,,,,,,,,,,,,,,,85.39267004,,,,,,,,,,,,,,188.3210344,,,,,,319.1969295,,196.20644,,,,,,,,,,0,,226.4576116,72.18268889,126.1763435,,30.24741106,,578.2728542,,,,,10937.90191,401727.0987,,2234.491044,,1930.430748,250.4318847,405.3077477,296.4265115,,51.86803059,1270.784532,,7.46000266,,,,,,,,,,8808.969752,,829.4344711,,,,,,3065.614376,,654.9192252,49.28206086,,,,,,220.3365135,456.1315911,530.7656683,,453.6352426,,,,4528.660738,,1119.898165,,,,,,,,,2984.616216,,,,,,,,,,,,,,,,,,,,,,,,,1334.245765,4161.606795,,2340.541181,795.6141889,30391.72933,31499.34566,1606.392985,0,287.4830817,10185.7307,50.89063822,,6346.586054,1703.611325,1551.413599,3863.681863,3691.865064,3692.98552,40082.64134,,,,568.7558657,313.1154045,1144.691261,,,,,,,,1339.809554,,,
1961,,,,,285.1733385,63.13866797,,,,,6.287804256,,,,,,,,,,,,,,,106.2097418,,,,,,,,,,,,,,214.3315387,,,,8.818127244,20.41343669,508.0143795,,198.1654797,,,,,,,,,,0,,223.3425802,75.14312164,126.8784381,,29.09816026,,585.377525,,,,,11164.22349,418719.3175,,2720.628173,51.20084427,1800.724627,295.4767453,484.2179271,284.6746518,,45.40713162,1513.176594,,3.754395251,,,,,,,,,,8562.586443,,864.7979281,,,,,,3307.243318,,648.2368003,49.98892702,,,,,,182.7739457,436.9206018,544.4156248,,392.6721599,,,,4525.299815,,1052.234127,,,,,,,,,3445.664225,,,,,,,,,,,,,,,,,,,,,,,,,1281.151684,4207.105931,,2398.636979,919.3255783,31585.11708,33492.12728,1553.942688,0,298.899691,10461.31471,55.85084204,,7298.535702,1853.02698,2487.154479,3893.593252,3873.75897,4301.546754,40043.8449,,,,591.8874839,327.9279016,1362.190046,,,,,,,,1506.433306,,,
1962,,,,,302.666348,48.12139651,,,,,18.42972714,,,,,,,,71.31508116,,,,,,,98.979167,,,,,,,,,,,,,,278.2000979,,,,9.151303099,23.90180879,821.3443516,,236.1473893,,,,10.94577861,,,,,,0,,214.188499,105.0965107,122.9897882,,28.78382398,,664.138023,,,,,11595.6568,453707.2417,,2635.369112,50.90717789,1916.903962,265.7882116,751.9075593,271.1440094,,51.5577597,1494.507596,,6.612912929,,,,,,,,,,8765.922783,,1003.342297,,,,,,4545.766505,,621.3175395,45.69182391,,,,,,188.1938281,470.4701339,611.5666398,,513.2934153,,,,4716.000895,,1026.090789,,,,,,,,,3536.391918,,,,,,,,,,,,,,,,,,,,,,,,,1348.68084,4477.598045,,2936.176201,1289.841703,32642.51947,42581.97647,1580.172319,0,303.3036242,11570.52149,67.75155039,,7748.271687,2046.961555,2827.25467,4755.294094,4165.791826,4755.245333,40557.93055,,,1343.992604,609.6132412,348.4675741,1747.072532,,,,,,,,1604.454801,,,
1963,,,,,398.2563968,48.30749369,,,,,18.80839164,,,,,,,60.26272606,64.99136709,,,,,,,105.4595373,,,30.06422931,,,,,,,,,,,336.6626028,,,,9.84765479,27.94759825,822.6888202,,255.5607311,,,6.088359612,39.66151784,,,,,,0,,202.4552805,101.5640487,152.1700018,,27.85046466,,745.404641,,,,,11076.76506,447528.6473,,2686.787133,63.19631398,1881.321679,264.4412132,858.9269373,239.2513093,,56.18529779,2065.977529,,7.868275164,,,,,,,,,,9528.921783,,829.4202615,,,,,,7441.549148,,671.4554302,39.2305252,,,,,,253.356528,534.7005981,690.4843176,,545.2068422,,,,5302.994919,,1045.74606,,,,,,,,,3359.979047,,,,,,,,,,,,,,,,,,,,,,,,,1653.548025,4615.552253,,2945.645944,1024.264246,32038.79358,47804.20984,1620.097639,0,306.6728554,12876.97921,64.58349666,,7913.609656,2132.141575,2761.556551,4479.884291,4442.039163,4954.28607,41250.56028,,,1928.403037,711.3162153,405.0829931,2087.408068,,,,,,827.8644285,,1648.555858,,,
1964,,,,159.434547,357.8056618,58.26936196,,,,,18.73882902,,,,,,,82.94598301,89.63136131,,,,,,,100.5631623,,,95.03423749,,,42.769623,,,,,,,,398.50866,,,,9.59645518,29.71491228,1153.004305,,365.7614677,,,17.96917375,72.40021491,,,,,,0,,216.0714031,93.60021562,133.7412486,,40.82484842,,780.4027312,,,,,11202.87856,432608.0377,,2257.632785,,1756.239351,252.7110754,819.9847394,278.347793,,59.07632439,2328.71083,,8.175495029,,,,,,,,,,10461.6425,,784.3934373,,,,,,7264.002045,,756.6605529,38.07306975,,,,,,354.2195388,524.2665192,633.9252847,,559.8945658,,,,6140.251644,,1247.089124,,,,,,,,,3176.713655,,,,,,,,,,,,,,,,,,,,,,,,,2080.252679,4953.303955,,3052.835908,1009.953308,32980.50625,45838.82329,1683.888718,0,342.9554996,13187.04443,83.32253699,,8630.71788,2162.142503,3010.327031,5119.079663,4670.098473,5368.779483,42367.89784,,,2484.645341,827.4897391,460.0503246,2132.756497,,,,,,874.5215632,,1768.081427,,,
1965,,,,194.0168391,312.0848226,45.74044879,,,,,12.36401133,13.12409923,,,,,,135.064885,100.7301564,,,,235.5128478,,,84.96709878,,,154.447489,,,46.4964211,,28.43990958,,,,,,464.6881074,,,,9.784221983,25.28117359,1180.737017,,504.7954378,,,17.64342238,126.1735419,,,,,,0,,208.3190726,105.5411994,192.792211,,42.26944398,,748.4928711,,,,,10381.80011,434502.7407,,2177.464775,,2944.594982,301.1853522,864.6434461,311.6998401,,67.68443488,2205.198051,,9.217085236,,,,,,,,,,11226.89436,,824.1101725,,,,,,7100.384968,,1221.91455,39.44788704,,,,,,496.9782746,487.8981122,614.6996818,,604.0187127,,,,7091.52986,,1241.120741,,,,,,,,,3161.036479,,,,,,,,,,,,,,,,,,,,,,,,,1721.139299,4795.132262,,3239.713441,1030.073709,33457.43628,45225.31364,1821.465487,0,354.1324707,13686.43492,82.74327798,,8320.069201,2505.740026,3012.104983,5135.502778,4950.863547,5411.272339,42494.73478,,,2485.357776,1042.215852,563.3282681,2231.267228,,,,,,1253.427092,,1852.4507,,,
1966,,,,347.3707348,339.0469666,47.95229153,,,,,13.48295615,13.83908933,,,,,,115.849903,99.67401894,,,,241.6588943,,,99.84872394,,,193.8777092,,,47.70773158,,25.97572028,,,,,,357.9768931,,,,9.507349944,32.66331658,1278.888275,,442.950474,,,15.01555583,169.3746075,,,,,,0,,192.2671774,108.5763727,196.8381496,,43.1896431,,785.6984181,,,,,10253.92337,513750.9226,,2252.304295,,2663.636712,331.8949725,889.6422739,288.2850437,,76.54884031,2213.891248,,9.509795859,,,,,,,,,,12128.54959,,1488.268532,,,,,,6686.018468,,1424.780089,41.71626636,,,,,,616.9619354,382.3224002,684.9472288,,650.02805,,,,8630.295452,,1409.610312,,,,,,,,,3394.60963,,,,,,,,,,,,,,,,,,,,,,,,,1977.131827,5178.986283,,3188.418412,1013.221945,34465.45777,44389.63914,1977.054525,0,336.8513099,14687.15146,83.48194854,,8081.216551,2490.816066,3173.755623,6173.279897,4996.851038,5687.249863,42267.94064,,,2131.834123,1339.78644,575.0174398,2472.879379,,,,,,2085.950369,,1856.311594,,,
1967,,,,439.9270282,353.7269973,51.39428188,,,,,13.34500817,14.53689701,,,,,,104.2377791,108.1720246,,,,204.2746545,14.26616954,,,,,233.4558976,,,50.53294741,,26.48596889,,,,,,1601.309184,,,,10.42993671,37.83919598,1420.385496,,414.4921006,,68.86720574,16.541118,193.2951353,,,,,,0,,182.7680285,110.0277708,217.2082053,,44.25720669,,781.4045162,,,,,10902.01562,589821.9445,,2507.426813,,2562.53885,361.6863368,912.8885675,306.610812,,83.0069971,3825.816563,,10.77515585,,,,,,,,,,12998.07935,,1654.602163,,,,,,6246.87273,,1160.652317,42.84193929,,,,,,569.2214763,366.8748192,761.4953838,,746.0191427,,,,10152.58068,,1367.72456,,,,,,,,,3785.723892,,,,,,,,,,,,,,,,,,,,,,,,,2003.521018,5430.262836,,3185.966007,991.8598174,36254.04426,46176.59741,2545.679149,0,342.8994881,14427.40611,67.75007313,,8956.203932,2568.813137,3895.184352,5802.586918,4870.476613,5540.111577,43348.16746,,,2233.181036,1704.481605,555.6185231,4029.663718,925.5019215,,,,,2286.353679,,1999.991776,,,
1968,,,,526.1634869,455.0748171,57.66034192,,,,,13.7072719,14.94611204,,,,,,107.93313,107.5007963,,,,191.0071315,13.94059648,,134.987815,,,238.1017714,,,53.90456295,6.796465521,27.54540764,,1.698062919,,,,2474.473736,,,,10.97980268,40.78239609,1492.016376,,508.8185653,,66.130219,17.57151483,236.7753959,,,,,,0,,190.3576366,104.8123066,205.2589004,,45.04588799,,850.4577675,,,72.38445063,,10590.29844,608764.5217,,3031.009551,80.40142321,2658.850592,368.3458102,754.4819183,340.2205691,,91.71928745,1906.691776,,10.72760978,,,,,,,,,,13869.16397,,1949.433037,,,,,,6469.250522,,1193.269837,45.11992098,,,,,,589.6041991,367.3201072,883.8975578,,897.0179414,,,,10912.0513,,1445.981922,,,,,,,,,3978.485499,,,,,,,,,,,,,,,,,,,,,,,,,2007.827561,5621.853042,,3400.029877,1131.461506,36296.98693,40984.15682,2972.85426,0,352.6964863,14601.97048,59.99779393,,8852.875152,2722.961256,4100.595246,7687.244404,4876.296654,5277.265033,42730.70443,,,2898.145602,2236.243606,675.5650329,5106.265711,1129.038106,,,,,2266.957938,,2236.004954,,,
1969,,,242.6755047,718.1918877,413.2075411,54.98946684,,,,,14.04438611,18.50659671,,,,,,145.9101297,114.084816,,,,187.0179518,20.69097304,,139.2960666,,,229.5335373,,,54.49649102,6.742176397,31.25344329,,2.062143856,,,,4166.284279,,,,13.11155105,41.74397032,1538.86679,,681.1515421,,70.27205753,18.18304716,242.955791,,,,,,0,,179.9599959,119.1083723,173.4485647,,45.43270962,,995.2689164,,,73.09436751,,9973.861716,582022.7564,,3701.062223,83.22343278,2801.87637,365.8931991,699.111714,433.6535275,,96.37113637,2044.716921,,10.12301076,,,,,,,,,,15064.70664,,2247.50854,,,,,,6856.125931,,1297.670349,46.5624671,,,,,,573.7696966,420.0629125,1066.341577,,1046.918822,,,,10548.6144,,1501.216342,,,,,,,,,4143.882581,,,,,,,,,,,,,,,,,,,,,,,,,2066.734685,5659.458676,,3347.575718,1034.980018,34718.65144,44953.25739,3365.144472,0,368.0196403,14412.07049,61.30943,,9254.213711,2873.956545,3849.050819,9068.916177,5133.274154,5634.104121,40380.9058,,,3841.127068,2794.051045,824.2709732,6298.342345,1029.726449,,,,,2776.794065,,2167.761366,,,
1970,,,226.7214388,1285.205974,426.9641109,70.26797638,,,16.86245025,,15.26420966,,148.7116171,,,,59.36038509,190.8853414,123.0065681,,,,170.4202752,22.59192999,,129.3851736,,,242.7873232,,,52.8149354,6.689515184,35.65228256,,2.497813562,,,,3544.082619,,,,14.75021275,51.94805195,1452.098618,,814.6916036,,99.83952601,19.66389797,257.5153374,,,,,,0,,174.8049073,110.1003921,311.0259945,,60.72062335,,929.1497241,,,83.99593792,,9993.285345,539388.9423,,3552.651327,109.6667722,3332.511764,781.0139625,860.4394534,442.9159571,,105.1564738,3292.930161,,10.21748158,,,,,,,,,,16504.89675,,2323.493026,,,,5.373185204,,7069.649413,19.88077082,1415.696113,58.33998915,,,,,,782.3311467,469.590248,1156.492145,870.9607817,1230.995838,,,,9862.379223,2.593511088,1639.050103,,,,,,,,,4224.993742,,,,,,,,,4898.832952,,,,,,,,,,,,,,,,2045.247053,6032.608795,,3532.101824,1097.924333,34912.44034,45464.87649,3630.489065,0,416.5438516,15212.42807,62.28006514,,9475.917895,2881.901274,4283.013955,9143.884855,5272.509479,5796.126942,41593.94504,,,4549.464809,3011.049926,842.4942611,8574.282924,847.9755877,,,,,3044.461663,,2404.545775,,,
1971,,,222.2770366,1326.370098,511.9573306,72.97740439,,,16.84987611,,15.46001213,14.06465212,150.564249,,,,59.69419866,179.4030279,166.4209801,,,,176.8730433,25.68808486,,105.0160693,,,303.3958338,,,52.56941163,7.04449148,27.73617063,,2.81471125,,,,2942.89608,,,,14.19784765,52.77777778,1599.116988,,817.0064333,,137.2890206,21.08214071,440.3108538,,,,,,0,,172.0536879,130.8205738,214.7443403,,68.40005835,,954.5863201,,,111.3917727,,10328.08303,485302.4927,,3666.581457,99.96190566,3321.096797,1182.272032,1352.916841,395.0995503,,107.628172,3496.390025,,12.78305696,,,,,,,,,,18199.72533,,2730.902741,,,,,,8429.314308,23.04935941,1573.390701,86.8600583,,,,,,877.0200982,478.9273701,1079.547601,1054.177451,1481.283981,,,,9583.873101,3.036454619,1541.617561,,,,,,,,,4526.686277,,,,,,,,,5229.199579,,,,,,,,,,,,,,,,1968.900012,6286.818538,,3592.641449,1193.36882,35390.39403,48709.11828,3837.514026,0,469.4429149,17096.23244,63.31785006,,9910.050684,2954.641383,4671.071737,8788.642649,5389.400167,6029.004391,41500.8163,,81.14979986,5112.052059,1874.768407,856.1052669,9269.304756,800.7622386,,,356.4495339,,3618.533505,,2755.373045,,,
1972,,,215.1353265,1024.151725,566.2803802,82.37903274,,,18.39540027,,16.60473745,18.55219655,147.6083066,,,,46.18443533,143.072805,201.0980694,,,,197.3139791,27.57680664,,90.25339594,,,386.1142861,,,57.23311983,7.545297229,33.8853561,,2.978753846,,,,3712.826281,,,,14.47639591,61.39534884,1636.073165,,706.3337774,,160.9062575,21.94829519,559.0167911,,,,,,0,,170.91792,168.5427372,230.932744,,89.46827005,,1152.579472,0.075676507,,104.9058604,,10389.48579,484604.5121,,3771.486854,137.0518484,5015.103487,1300.620311,844.2347294,459.9503461,,137.0668406,3646.004147,531.6798019,13.95633997,,,,,,,,,,20316.6792,,3194.473385,,,,,,8887.252396,23.4755859,1763.724707,77.13076145,,,,,,864.2147633,467.5804664,1259.741782,1115.278231,1528.210949,,,,9588.164078,3.517531594,1563.911253,,,,,,,,,4802.285465,,,2464.051634,,,,,,5262.816046,,,,,,,,,,,,,,,,2041.114348,6626.391337,,3572.952078,1372.253881,36316.15365,52104.54333,4091.058026,0,557.514681,18974.96114,70.2692514,,10221.87379,2953.561964,4680.469579,10473.03987,5559.547255,6141.847187,44143.96684,,77.22051825,4215.529124,1629.045343,827.6521273,9398.607422,885.6629604,616.5967197,,599.7419159,,5076.782054,,2896.056666,,,
1973,,,222.9066167,1272.784009,643.589741,80.94560976,,,19.9701386,,16.76778667,26.3347545,150.2932969,,,,60.16378142,134.7523305,144.8009071,,,,195.0786313,32.41782867,,91.07777812,,,435.8301448,,,60.16817231,12.67545421,33.32135103,,3.16881657,,,,3974.970069,48.36868264,,,16.54919844,64.01590457,2060.881409,,641.993381,,207.8921253,25.11725109,440.8293475,,,,,,0,,157.9217216,177.4087654,197.8621893,,87.8038014,,1276.510141,0.057200027,,91.37284227,,10318.26485,460531.9395,,3951.116911,160.1260075,5696.237073,1329.066701,767.4010011,536.8375803,16.40457333,130.2108299,4388.150767,953.0236444,13.94249115,,,,,,,,,,21439.79937,,3213.402779,,,,6.230684717,187.0160441,7849.715126,23.96299418,1647.813378,62.65235988,,,,,,800.4370518,438.849153,1678.612608,1079.674676,1433.338074,,,,9184.680215,3.604963444,1520.334995,,,,,,,,,5927.459258,,,2401.926097,,,,,,5607.626644,,,,,,,,,,,,,,,,2120.280998,6928.913509,,3398.198842,1429.109983,37641.33656,54103.89894,4113.853285,0,596.7240254,18944.10123,77.07027386,,10381.27431,2974.720745,4423.681021,10321.76369,5577.185917,5952.276733,44290.51069,,82.27705214,4283.061765,1743.996777,1026.000985,13843.39954,853.8871494,772.7111085,,646.0239807,,6555.614911,,3070.587015,,,
1974,,,427.3341969,1691.304677,758.4244905,82.00892397,,,18.88649209,,17.17585354,29.04628465,151.5261029,,,,76.18972269,192.3356788,190.8573414,,,,273.4858781,34.79341098,,118.8706008,,,471.1136538,,,67.69525862,12.454813,34.1542875,,3.155459892,,,,4476.024398,33.98730107,,,20.43851633,71.07273331,2646.259392,,501.1299376,,272.1777796,28.32009465,331.3187254,,,,,,0,,191.4236619,162.4001432,206.1382555,,82.44032597,,1396.397261,0.072963088,,75.30738891,,10821.35898,454518.3722,,4020.93584,185.0756782,5965.548284,1994.793852,761.3564637,661.8228736,32.63857591,105.7175232,4685.871876,1149.204227,18.42466724,,,,,,,,,,21969.49868,,4110.148115,,,,6.056124323,211.5732675,7310.146276,23.82023739,1643.65491,65.49155936,,,,1263.881287,,899.5837285,362.7242817,2176.479862,993.7899942,1335.364369,,,,9057.780345,4.63763269,1569.858569,,,,,,,,,6074.040605,,,2633.888448,,,,,,5666.042889,,,,,,,,,,,,,,,,2374.427537,7026.030588,,3736.802762,1348.749373,37501.96708,56503.4973,5109.17096,0,604.7426869,18923.3006,83.18024256,,10857.54025,3054.642836,5186.160126,11426.16112,5621.32283,5928.865503,44302.5726,,102.6694261,5701.619009,12088.61627,2016.795307,14198.86684,759.7607595,1903.834019,,690.4818303,,,,3442.621995,,,
1975,,,476.3318492,1033.310243,1113.67127,116.5733398,,,17.97467516,,37.10161849,27.88265306,160.4826863,,,,80.59360937,137.1934057,170.1162883,,,,429.4215213,38.71041696,,112.5585697,,,470.8240321,,,64.98041232,18.80866071,47.25888555,,4.002962313,,,14.81393348,7313.684191,31.00121682,,,17.46652789,64.61538462,3324.320277,,433.4307217,,256.8795561,29.3290478,309.660184,,,,,,0,,191.269984,159.8803688,288.0027006,,96.32350641,,1503.312689,0.082662691,,84.83152519,,11498.81081,429557.0754,,5104.407467,251.3055062,6545.101723,1535.619815,857.8663401,782.3007528,93.36314679,137.0845892,6181.237347,1076.335989,19.74494556,,,,,,,,,,22858.0238,,4743.959688,,,,6.357396321,217.2549379,8204.554948,28.75546902,1720.917267,69.40658238,,,,1617.587902,,950.1037945,313.8436704,,1123.698006,1449.766997,,,,9204.551568,6.359573231,1599.14007,32.44554401,,,,,,,,6529.097644,,,2835.873284,,,,,,6035.530256,,,,,,,,,,,,,,,,2639.627035,7650.468579,,4091.63398,1565.391735,39184.33669,56247.43823,6572.432516,0,733.8845403,17619.91221,88.33808676,,11413.2655,3312.935794,3413.327403,10416.84321,5763.124174,5592.446647,46544.42591,,55.24145496,5406.860269,16438.06815,2048.885441,15687.76033,745.5531195,,,1426.833332,,,,6020.345816,,,
1976,,,663.8693312,1110.712122,1563.20177,134.6408186,,,15.6991773,,48.83331087,33.3934621,168.6837612,,,,85.67052369,83.66121678,193.4907896,,,,342.0166288,42.89360645,,81.38857929,,,675.5364873,3.701053701,,75.52591535,17.46597205,55.64562767,,4.761197196,,,14.92346257,5230.194873,33.60385912,,,16.90426025,64.50821683,4124.897762,,639.4368291,,270.1153889,37.50936865,274.6757031,,,,,,0,,205.227889,195.9400066,321.5120289,,101.708887,80.09132789,1687.195606,0.110072265,,101.3854462,,11675.09774,417872.1177,,9223.036462,275.4415375,7651.447009,1613.272633,805.3629277,810.8187941,97.08240313,141.0762492,7002.565569,898.3434069,15.29175261,,,,,,,,,,23059.11838,,6818.962025,,4610.769641,,8.108200123,384.5099368,9420.428287,38.03129239,1735.112602,63.85789289,,,,1617.804068,,981.0035799,301.0734597,2804.567443,1357.327971,1781.528467,,,,9345.520694,8.341153528,1536.695786,86.68402726,,,,,,,,6459.502759,,,2661.493908,,,,,,6278.325941,,,,,,,,,,,,,,,,2694.203026,8050.987568,,4005.452771,1384.362397,40879.08072,55841.174,7192.593577,0,758.2087813,17565.8157,94.83653902,,11265.64911,3391.942747,2733.790049,12341.22779,5760.188532,6336.028288,45862.31838,,72.15459904,5599.957056,18523.34435,2011.306465,14507.93565,1131.393837,,,1526.768076,,,,6325.195255,,,
1977,,,579.3494743,1536.243543,1792.66812,178.043519,,,20.79766707,15.79552149,45.29581627,45.65017891,172.1010568,,,,,71.56183915,153.1104296,,,,309.2204283,55.70086055,,51.44705929,,,1132.865012,3.848275742,,100.2007716,22.67324054,54.79362865,,4.658519074,,,16.75324157,5548.891296,45.60757016,,,18.83253756,70.19486271,4588.225617,,659.9564939,16.23023884,334.1899337,46.70694921,190.0616119,,,,,,0,,206.4345482,243.9870172,387.8352232,,125.8556015,80.25856397,1575.832534,0.139603363,,108.8902634,,12214.70226,433642.4828,,9768.808485,279.5027342,7000.171769,2135.596335,780.3479224,1257.070233,64.06247394,153.0834259,10156.3494,962.7901278,17.91194493,,,,,,,,,,23736.91837,,8105.262522,,5599.959214,,8.553767158,463.6529319,8950.355459,38.48710199,1727.51184,78.94330669,,,,1677.928848,,1314.666228,350.2662604,2680.081332,1613.872992,2143.790429,,,,9394.692487,10.57221092,1555.949165,83.87997369,,,,,,,,6680.038168,,,2770.791778,,,,,,6679.475256,,,,,,,,,,,,,,,,2780.132716,8258.507924,,4025.325072,1419.258488,43108.82988,55601.65972,7625.085478,0,772.2495645,18796.41993,92.92020905,,12555.57886,3461.194315,2518.449618,12537.13114,5802.829481,6007.036091,43860.73796,,94.28856275,6207.19784,15511.5831,2100.293672,12381.52542,873.4419941,2889.507988,,1464.418984,,19261.71391,,6090.272145,,,
1978,,,627.5768179,1807.004359,1596.713947,198.0051332,,,14.85017534,36.07288193,54.31210018,44.97144701,182.0067214,,,,70.92482914,62.50223694,209.4284987,,,,356.977337,,,37.95497945,,,1466.309237,4.895444185,,102.5516274,34.97727033,44.90769465,,4.930983687,,,18.75587443,4327.038896,33.65376531,,,17.80329596,164.2785066,4117.042079,,487.4437602,22.91700168,644.9963142,45.99890735,150.0087604,,,,,,0,,237.5506005,263.6055619,341.4821165,,161.3054765,,1602.294161,0.167014982,,117.7093687,,12725.13717,436385.6747,,10438.32894,337.700013,6957.079348,2512.618324,909.9861084,900.7210901,39.72600374,173.3296567,7700.342593,999.9953178,18.48718041,,,,,,,,,,25098.58878,,10095.60688,,6425.995284,,,413.5953294,9359.407434,39.09981831,1838.321685,96.79562128,,,,1832.176472,,1122.771822,388.5341206,2050.756486,1579.093224,2708.3812,,,,9498.22976,18.23194559,1645.153091,87.42107935,,,,,,,,6803.819696,,,3139.150709,,,,,,6403.78607,,,,,,,,,,,,,,,,3012.663703,8809.938095,,4181.979222,1476.413901,45552.17503,57965.83531,7788.55014,0,826.5281018,19609.43766,101.0760569,,12133.57551,3696.495269,2543.81982,13052.86785,5973.149686,6016.860215,45254.97325,,229.0326986,5048.276422,14759.44061,1986.021658,13455.44689,880.173414,2515.9657,,1923.668074,,21839.04455,,5576.862861,,,
1979,,,620.7233374,2248.862308,1600.29636,189.7991818,,,26.3186937,54.09030286,44.05604189,38.67290183,199.1068889,,,,85.67210841,57.08923333,200.9272458,,,,477.0333755,79.31007719,,25.0915363,,,1596.016845,5.468572357,,133.0188725,49.40143189,51.60241335,,6.24233179,,,19.50420001,3741.527588,38.44537806,137.6364184,,19.6964771,142.6712217,3676.894489,,576.5853606,23.48756372,541.7294235,39.90578055,114.5208118,,,,,,0,,253.5028048,360.97224,385.8247964,,165.3754846,,1781.032306,0.111155892,,152.505071,,12320.1396,438890.2207,,10845.7465,352.5937613,7263.011998,2808.229874,1031.680168,926.440536,33.58490605,123.5871527,5196.866736,1171.958623,18.39579313,,,,,,,,,,26708.46179,,9481.858241,,7627.582968,,,392.7373895,10085.53287,43.5306082,1944.696606,111.539329,,,,2118.571558,,1312.766254,370.6263669,2453.488435,1566.224027,3149.699685,,,,9816.141553,22.07070482,1650.528629,91.24436557,,,,,,,,6740.734437,,,3120.637233,,,,,,6433.658914,,,,,,,,,,,,,,,,3199.862935,9003.766976,,4208.112938,1647.81247,46612.78408,58775.03073,7544.907266,0,912.3692528,20867.14976,104.0551421,,12866.58299,3790.073915,2585.293954,13980.02702,6196.491665,6291.470414,46669.62738,,298.7855114,3811.639801,8221.783413,,11973.03481,991.9529802,2819.166401,,1502.390874,,28072.09084,,4948.273368,,,
1980,,,706.0191901,2578.944863,1841.845576,202.2115413,,,31.63752492,59.35165031,43.05050686,52.17542694,204.0362546,,,,86.8488504,50.2619541,200.6405164,5.765069594,,,593.6988224,84.60102233,,30.38728593,42.08495722,,1298.982979,9.427085355,,123.3717387,47.89419576,44.36256825,,11.95212128,96.65292795,,17.11621091,3038.882974,42.69166321,128.5410105,,26.02004272,97.58839158,3685.718292,,664.9202683,23.61633105,256.7977443,38.84406185,155.4783399,,181.0038459,,,,0,,189.9851242,349.2697426,400.4817352,,161.1362246,,1691.328078,0.126592039,,176.1301194,,12964.75575,437877.4006,,9652.64447,382.1687498,6373.601439,2962.044558,1184.08743,920.8385796,37.30769821,141.913108,7647.37715,1417.432128,16.39054401,,,,,,,,,,27136.05008,,10387.38375,,7691.305549,,,413.1128324,10350.10419,44.06348701,2101.089641,103.0449029,,,,2460.483382,,1628.554306,387.2169202,2125.581543,1760.200985,3021.965449,,,,10322.51044,20.43353444,2291.613673,98.76044914,,,,,,,,7017.150471,,,3113.894489,,,,,,6075.517536,4149.248962,,,,,,,,,,,,,,,3198.331701,9178.261612,,4246.322562,1922.041483,47538.45819,59563.57391,6525.549117,0,960.3794553,20334.8243,120.8104598,,12518.47207,3826.194933,2802.614531,14495.78378,6052.79072,6257.671567,49765.08619,,316.420427,3725.595579,6665.865791,,12689.39683,922.5167813,2782.676981,2666.400314,1502.118503,2163.430012,31380.88066,,5128.682901,,,
1981,,,627.4956551,1203.359604,1877.265846,266.944109,,,29.37488787,53.70618569,49.37522152,50.25568028,285.3541358,,,,122.6414135,27.36859823,184.1854218,16.68254943,,,571.2949825,128.8140204,,22.75730429,29.97658317,,1259.774345,10.0605413,,116.2819286,34.2221716,41.78686983,,11.69358963,108.3709233,,14.69906461,2002.787956,49.4631201,140.4658385,,23.10085271,94.52595937,4077.581372,,559.9323749,20.86330492,294.3263827,37.95992871,136.9901989,,150.9292964,,,4.598245634,0,,210.3649389,384.1488086,563.3341734,,156.3270646,92.4421828,2239.029487,0.155371236,,146.707377,,12809.26705,487735.2565,,10274.39767,434.2134013,6220.417164,3174.766539,1118.255127,885.8242014,34.45567114,185.5435945,6681.891577,1870.647486,14.21691726,,,,,,,,,,28108.90773,,10762.51513,,7148.360293,,,436.9321716,10927.52394,44.56364526,2282.779132,91.35439496,,,,2772.448999,,2194.242193,433.0209774,2208.365175,1952.014313,2947.092071,,,,11021.60284,21.0444578,2176.113367,90.38055539,,,,,,,,7021.650145,,,3214.362915,,,,,,6141.476079,4188.910901,,,,,,,,,,,,,,,3099.473453,9259.561683,,4291.717926,1797.407831,48721.26694,60263.46251,7724.055906,0,919.1632022,21384.86323,125.0531344,,12646.28274,3867.877529,2790.034546,14723.26712,5949.488376,6246.851413,48747.19505,,387.5198173,4507.623123,9917.877977,,14890.99005,1001.624232,2929.365441,2096.990396,1810.677726,3408.880077,36542.73522,,5786.378469,,,
1982,,,724.4826686,1389.049197,1945.177443,403.3789137,,,32.88383802,44.94201494,51.63453086,58.02588958,333.4953247,,,,163.4247542,53.92462621,194.486324,91.72176252,,,569.4877338,133.852692,,16.20232148,24.52292119,11.91115873,1273.675018,13.40556785,,,25.73835187,45.38368644,,6.773052981,102.3830552,,14.55219741,1568.377551,46.08613274,121.7707482,,17.41469834,81.8696331,4010.377669,,612.1940289,20.86751083,283.4348485,34.00199596,104.1157095,,168.429323,,,5.333949044,0,,196.9860037,414.1220917,609.7753526,,158.8535584,103.5412746,2164.733571,,,,,13923.54839,576826.6583,,8854.491516,263.0781699,7198.540636,3552.873565,1104.134096,895.5647449,33.63212514,278.2882755,8561.78437,1703.418292,19.5233522,,,,,,,,,,29034.80341,,11219.64539,,7840.159064,,,504.9137568,11856.52871,49.71958277,2750.799727,83.6342763,,,,2738.119087,,2089.757441,417.9338852,2126.981656,2062.865708,3142.525499,,,,11587.33065,28.20705588,1996.232594,,,,,,,,,7110.502676,,,3176.933748,,,,,,6771.437357,3772.969032,,,,,,,,,,,,,,,3232.980754,8952.645752,,4416.088777,1957.701175,49652.39491,59485.79877,7881.421825,0,930.83976,23858.97924,126.2430878,,13634.80465,4018.74281,2794.407429,15247.54723,5805.176272,6507.550289,53146.5589,,462.6646628,4984.291435,10656.08432,,13791.60719,1054.538452,3461.812122,1272.90734,1965.454499,4466.200168,40712.32889,,6325.759717,,,
1983,,,728.2367039,,1415.682109,496.4165024,,,43.56705797,44.99945364,49.38626833,51.94044176,327.2608264,,,83.21750011,,36.72195795,188.3611883,93.87040478,,,604.5009902,137.1545037,0.725258902,9.753535704,,19.51532293,1193.177099,11.00600717,,,20.78509954,43.18854725,,7.16546476,95.79670475,,16.72879373,1348.878682,44.40631255,122.2639511,,11.39058028,88.27861953,4075.174622,,874.8961921,20.33706431,243.0968411,31.88914252,72.98990474,,181.5819482,,,5.716667235,0,,186.489232,482.2333002,608.603042,,153.3135125,94.17834145,2072.69535,,,,,15175.29937,563293.8717,,10124.07265,184.1426901,6764.316369,2995.151473,1460.836654,774.1982707,26.07893844,260.892654,6918.390645,1298.534025,24.19717908,,,,,,,,,,30470.97781,,11678.81563,,7848.473777,,,643.9599149,12269.83914,55.4354393,3069.346526,146.7755628,,,,2514.925393,,1869.333395,401.6906769,2086.569416,1998.158334,3181.142443,,,,11986.70524,29.14852247,1947.13004,,,,,,,,,7240.648727,,,3246.305586,,,,,,6023.382915,3879.751174,,,,,,,,,,,,,,,3283.285763,8597.87141,,4451.134129,2236.442273,50573.45637,60002.20776,7189.435232,0,872.7106293,24380.49456,129.1182368,,12499.53,4193.834149,2686.791806,17082.48296,5738.671759,6594.430092,55510.18228,,264.9771811,5591.306103,9994.900807,,12277.66107,1077.60409,3712.367825,2266.173574,2317.99632,2681.756013,33056.10666,,5985.194698,,,
1984,,,683.9022826,,1272.499112,339.3891454,,,54.16004415,52.37546328,49.68348002,50.97234016,330.052501,11.13471694,,80.73714307,138.4844493,45.75579479,190.580163,91.70782663,,,577.5197987,137.8107915,0.938942353,17.85082365,,10.52605717,982.4091336,11.46675205,,90.93616722,17.6671188,42.45076164,,7.031789133,91.59207094,,15.23423864,901.3969397,39.93683523,115.6830726,,8.828827596,62.2861532,4390.770256,,1002.671729,18.52347343,215.6631132,36.27100304,117.7507041,284.2081794,154.5494526,,,6.209186658,0,,171.2255871,819.3716006,662.7584546,,169.3997307,75.39397961,2597.915938,,,,,16169.52024,592479.6924,,7943.445719,290.2124142,7168.283897,3049.146617,1663.891324,807.0283043,24.98289926,270.5174714,5034.88823,1098.29901,23.310134,,,,,,,,,,31863.57245,,11974.33311,,7907.955188,,,633.1929865,12979.54819,61.2666398,3298.619925,165.060688,,216.2398395,,2512.628018,,1723.572443,392.4524792,1338.274725,2464.009969,3478.65282,,,,12923.09669,30.44122904,2019.044956,,,,,,,,,7457.34493,,,3077.764868,,,,,,6803.554344,3956.024133,,,,,,,,,,,,,,,3313.614615,8232.465431,,4343.276843,2056.790407,50273.20729,59398.70059,7056.927722,0,844.2899112,25100.23028,129.7739895,,12709.73245,4039.335866,2500.380911,17498.75579,5817.649533,6663.571918,58263.17233,,237.3304004,5950.742932,8711.114644,,13353.72434,1037.679928,3832.533257,2670.582114,2714.641751,2563.573308,35502.47555,,5818.320146,,,
1985,,,640.6706263,,1822.957574,294.2283655,,,51.3511297,57.10064064,48.02779332,53.28044562,285.5719012,10.49742463,,74.5861715,154.8817179,38.56239057,190.7178896,89.68555653,,,492.4138948,156.8957741,1.266824323,34.60460865,,5.426615583,825.5710246,13.27312555,,87.30473667,20.44614158,46.98212816,55.93940759,6.6449451,77.06367348,,16.17382535,881.9497533,42.42979793,104.9821562,13.95530166,6.420369088,44.3,4359.675395,,711.956221,16.89178321,218.2855467,45.695716,152.8002876,229.0669482,157.8096692,,,5.856986774,0,,161.0399119,710.9822276,604.0022393,,190.1917838,62.92598121,2708.002526,,,,,16647.81667,635149.1028,,7339.293013,311.6576823,9847.33126,2964.787962,1525.279508,1032.057676,45.28976357,301.7424601,6057.237982,1059.43809,13.84186105,,,,,,,,,,33573.23865,,12945.19911,,8835.627947,,,582.6896743,14559.56452,65.69879147,3591.209236,588.6166804,,227.7270072,,2494.637267,,1538.667102,391.0040003,1437.570772,2889.934225,3742.656716,,,,13550.34256,27.89241742,2002.46382,94.93445908,,,,,,,,7876.70923,,,4799.964294,,,,,,7334.80356,8934.105915,,,,,,,,,,,,,,,3625.08429,8136.486167,85.03897131,4245.317007,2210.379773,50214.0739,59525.55934,7003.940792,0,870.4404554,24849.6225,126.2913384,33.77230307,12568.03554,4653.702491,2529.745831,17800.46484,5903.759258,7329.812055,58810.60343,,247.6872382,5962.629479,9102.802186,,12609.45922,1133.551106,3610.932086,1905.726264,2892.91422,4395.923178,29317.55186,,6172.724484,,,
1986,,,630.4447196,,1595.934928,252.5363018,,,52.28859622,83.77541235,71.77481044,53.24454472,255.6267352,10.868267,,85.28230668,,53.33097005,186.0431473,84.49178519,,,558.3737104,162.0695967,1.21082236,37.27509811,,7.2258782,988.5146502,14.45318641,,77.38207684,24.24077478,46.2207353,51.95379874,6.986019998,59.24024411,,17.0654031,775.4277592,47.5282114,100.2697963,16.23830378,12.90640195,46.85821697,4444.095742,,606.5934705,16.86200612,232.4366158,53.77309655,163.4763611,422.5147075,157.7688832,,,,0,,188.1952781,702.8329231,519.0893869,,204.5558867,67.71422355,2279.130163,,,,,16958.49251,677131.8594,,7310.231229,256.0215962,9007.915431,2915.474034,1660.514754,1079.272853,30.11277756,306.214107,5627.59067,1070.097152,16.38129048,,,,,,,,,,35050.75772,,13918.20112,,9172.078585,,,635.3515778,17211.0968,65.3329144,3860.708781,514.0666284,,239.7323068,2.058119491,2455.218969,,1318.346905,364.5140414,1517.398618,2821.723468,3571.864967,,,,13628.16865,28.0269232,2184.112278,95.48405012,,,,,,,,7811.527978,,,3113.062128,,,,,,7611.855257,9478.186355,,,,,,,,,,,,,,,3742.792806,8472.229506,112.6646077,4089.631262,2358.370049,51689.17358,61104.64601,5984.835142,0,894.0413386,26533.87814,132.8785708,35.40044602,12747.5256,4506.674867,2844.945479,16641.20554,6001.709473,6947.720098,58084.2643,,269.6037638,5413.417368,7291.4221,,11765.73295,1253.776223,3244.997378,1486.411469,2398.892517,,,,6935.518824,,,
1987,,,642.6899615,,1596.870657,228.9365781,,,62.31702953,146.6767947,63.42053398,47.85554423,219.9656832,10.55368336,,55.27973252,178.8821871,23.61178638,191.9700942,81.05683048,,,621.0238267,,1.331708117,38.55162736,,5.72680745,1271.753289,15.61118478,,77.13067572,20.1067036,55.59036361,49.13281719,8.375595684,78.97471956,,15.04951567,622.3138089,42.83398619,106.0640231,16.6413797,6.215398085,43.62467473,4907.495427,,689.5467105,15.07203436,217.9059325,67.46833349,158.4309839,381.3142607,160.4876301,,,,0,,158.1779431,609.6838341,542.5811068,,231.7536482,68.46729408,2204.151718,,187.1940032,,,17328.83951,671576.0211,,7291.554672,265.8880672,12354.22096,2895.699991,1785.429312,1157.047547,20.38976242,248.981496,6132.023439,900.2314358,17.4879782,,,,,,,,,,36502.44038,,14297.62192,,9322.839986,,,682.0565159,18539.73369,66.2436587,4221.861709,658.2109265,,217.1661063,1.867068988,2237.21725,,1915.416367,232.9470034,1616.211132,2797.881725,3540.891113,,788.0886852,,13165.1739,50.16088755,2238.86167,97.73398934,,,,,,,,7857.745873,,,3158.15788,,,,,,7398.361857,7763.405723,,,,,,,,,,,,,,,3598.670126,8525.998417,416.645614,4320.499714,2348.438573,53202.96411,62198.32436,5971.681048,0,835.5616382,28870.5727,152.1614278,43.39069754,12978.23009,4795.962393,2960.714843,17611.18198,6403.571764,6683.839078,57450.92457,,274.3919575,4597.897402,6688.926588,,14381.90597,1256.288396,3189.637408,369.9936684,2054.088919,2405.002589,26083.45406,,6623.626458,,,
1988,,,635.982416,,1723.320678,264.8701544,,279.5903415,61.93139979,187.2205828,67.9841381,57.90604768,202.881702,10.3095612,,107.8249323,,174.4610534,185.6333428,72.96732332,,,748.1677163,,1.755189385,20.28688724,,,1227.339867,14.64277257,,71.81562042,16.2240361,54.86089605,48.56794939,10.28485033,72.51685073,,,611.6034494,40.60875434,112.8787284,16.85633021,8.687568951,,5760.266868,,752.9174266,14.59919994,198.2520957,66.46726869,158.3089131,284.2328719,168.1722066,,,,0,,139.3533604,515.0446533,606.2729963,5.731952985,238.9926024,77.26894459,2049.217784,,184.9067782,,,17600.82988,657527.2731,,7288.623212,235.6668509,15397.4722,2416.42138,2054.690936,1237.696818,15.50365827,309.9421517,3096.691517,1024.352282,19.34035895,,,,,,,,,,38344.25802,,15188.93683,,10375.79458,,,749.7046151,18983.37608,68.43580421,4369.485109,455.3205408,,350.1980684,2.815513981,2137.739071,,1244.558026,241.8164193,2078.851746,3017.657573,3570.068836,,1277.101427,,12698.02469,50.66967926,1969.717085,96.68555803,,,,,,,,8045.67301,,,3650.807812,,,,,,7649.221166,8458.075642,,,,,,,,,,,,,277370.4501,,3402.185149,8169.058223,477.507354,4406.985625,2478.476285,53175.85062,61699.9942,6314.502952,0,831.0882459,30668.97443,173.5803919,39.80539929,12927.92724,4570.953715,3287.70934,17805.25121,6435.411731,6982.602262,55415.72287,,318.4748129,3621.331182,6183.323149,,14484.48988,1183.742557,4012.691711,281.0089357,2039.270701,2610.398962,23872.53145,,5834.128507,,,3191.550861
1989,,,621.6304047,,1863.509777,273.4012452,,358.8065552,51.33781833,202.7448165,85.48686211,64.8486802,210.2374613,,,86.86163094,,54.74100002,199.1750811,71.82990973,,,882.0199683,,2.308594962,21.490402,,7.307657687,1139.033865,19.6328467,,69.00836797,17.5594257,56.43878691,42.92635939,13.98221372,90.97634812,,,415.4589579,47.8986354,113.8596442,18.6747305,15.87534281,,5681.548851,,,15.68036092,191.9088107,69.7457122,143.0781556,410.7846128,175.5663316,,,7.217827615,0,,116.2755607,521.1799413,605.2423908,6.065121112,227.4508997,93.60890542,2171.947967,,182.7335666,,,17511.81909,651972.4107,,5924.634921,256.4744605,16204.40537,2225.014223,2094.32925,1173.79746,12.14554519,258.9540883,2145.140087,1126.819779,27.2970062,,,,,,,,,20132.39976,40003.92461,,16153.36658,,11379.80922,,,820.2689946,20003.62907,74.51284247,4382.408768,351.2715926,,349.5411077,5.165487768,2191.519652,,1491.387866,429.6614096,1956.339477,3342.164239,3692.021421,,1686.042685,,12591.04889,58.33049034,2036.348662,105.0808434,,,277.8971651,,4083.478517,,,11882.84883,,,2892.682482,,,,,,6214.994077,9007.240376,,,,,,,,,,,,,257189.2604,,3366.743289,8042.46074,490.1496703,4298.132526,2471.621271,53827.69442,61531.25564,5920.62534,0,821.4102411,30911.01676,158.924188,39.57833589,13050.18116,4692.295592,3450.770768,17709.8104,6510.939191,7118.665373,55903.59748,,329.9048409,2919.315858,4573.185282,,11448.76653,941.6253672,4981.245006,,2047.405538,2182.137924,22558.44581,,6750.40434,,,3069.117552
1990,,,664.063972,,1830.035718,251.409056,,312.3795292,49.85221423,255.438546,92.70031543,68.34545861,218.2151915,,,45.45539978,,38.71069886,190.265389,69.1629242,,,842.5864168,,2.720958693,23.09294066,,,1161.288843,18.54312181,,72.17073902,16.57207789,54.1905112,40.39326213,17.42735773,82.58565232,,,686.0803866,109.7399279,114.9622064,19.34339453,16.39799014,,5116.863383,,871.9763583,22.28105982,159.0679865,71.43859031,144.762505,361.7064043,176.5013741,,,7.668303275,0,,92.81203496,442.8598622,595.1883267,5.984585435,184.4355007,90.53587566,2057.196249,97.56835107,130.086679,,,17495.34746,624852.4858,,4023.470713,347.9054493,13508.64976,2103.031297,2190.007376,1232.104961,6.411762782,251.2072924,1796.041113,1100.530253,16.19168822,,,,,,,,,21939.13998,41962.50517,,16744.52671,128.574892,12006.19489,,,815.3569336,19703.9862,77.63200605,4625.225688,478.1625353,,395.0166553,12.00978026,2423.160871,,1601.781253,510.9043605,1943.429796,3835.45564,3962.694613,,2009.655708,,12653.10123,56.52613965,2120.696513,141.4029376,,,285.5910423,,3298.451773,,,10366.0607,,,2502.710437,,,,,,6455.974535,3967.192986,,,,,,,,,,,,,217578.5365,,3404.495914,7890.3184,729.4311929,4301.424451,2515.811481,53589.60542,64845.92905,5985.886689,0,932.3603938,29731.26841,165.4366224,34.78810097,12682.98516,4730.179983,3547.524457,17964.171,6632.992654,7549.824176,55983.24412,,358.7568575,2874.889783,4060.382654,,12090.67994,788.3016518,19219.12039,894.6788963,2300.179279,1974.573496,28349.03051,,8156.833197,,3199.826697,
1991,,,679.8358674,,1921.884598,257.0259322,,186.9171249,,273.7975487,77.36622729,70.00949255,222.990139,,47.05741727,,,35.59053988,194.1418766,67.21908351,,,418.3590095,,3.201736443,33.08639216,104.8921927,,903.9593864,15.5243782,,74.66513383,14.73893619,,38.15815077,19.60415618,81.41122645,231.3773706,,657.7742497,151.8690852,112.8332823,20.97819077,29.52234523,,4203.255301,,699.0740659,24.56664113,172.3127085,66.69771631,140.9823091,241.7732743,183.5624724,,,7.553064435,0,,66.61866949,401.3130599,452.2265846,6.146961674,125.6960623,83.48536029,2168.890153,80.85636244,138.1388709,,,16157.84108,551976.0466,,4037.217593,338.8204567,10940.61454,1990.37863,2168.319374,1167.464517,5.053089956,383.6629165,1301.312847,769.0947163,19.48861543,,,,,,,,,23306.45218,43022.55967,,17201.55865,87.41537425,12354.00468,,,830.50214,18397.91309,79.60701991,4951.287063,652.8153296,,393.43549,27.99715939,2464.44202,,2180.517553,443.4262363,1767.845168,3967.873022,4387.55025,,1429.331002,,12868.93239,56.24596026,1998.775783,100.9595927,,,201.9119959,,1785.631896,,,6799.551544,,,1879.756104,,,,,,4545.839287,4114.824073,,,,,,,,,,,,,,,3419.95874,7778.753136,716.0298983,4379.237481,2626.932161,53938.59518,60011.30855,5677.169749,0,976.8045456,30150.39853,182.6661639,35.47481134,12329.53621,4587.069354,3656.716008,17264.82401,6248.637289,7288.758161,56629.90458,,391.6385934,2893.39575,3660.833234,,16425.71577,1004.735678,25046.89687,852.0025774,1905.74208,2141.734056,27034.82804,,8384.982425,,2997.518725,
1992,,,1137.594384,,1906.621245,258.4128134,,163.497457,,254.1341372,75.78176327,71.95442672,215.8323312,5.215773794,47.89222793,45.46384107,204.210378,67.91458246,190.0708588,68.57659952,,,247.3405889,,2.610102852,35.92773539,83.50371634,,676.0319966,14.86310218,,44.07833376,16.29955308,,36.73481125,20.27926954,81.49265992,169.1612213,,565.8804641,124.7277659,105.7511577,24.35434892,34.69678486,,3618.496461,,605.2625307,30.91447142,172.1474734,66.03484748,93.15301298,274.7725757,149.1290746,,,8.247879078,0,,119.7739584,347.978048,544.5006938,5.56034974,,132.0447292,2407.407613,54.16670854,136.0089296,,,15979.41111,581671.2356,,3822.868486,324.3199854,8613.214846,2015.98254,2476.23277,1119.64177,7.957455545,323.5292811,1568.003058,934.993467,18.01524458,,,,40.35428048,34.16180467,,,,28314.17831,43669.03013,,18259.40515,38.56383678,12489.4732,,,955.7332437,17583.05549,82.70231487,5264.585316,731.4472165,,375.6382999,62.61881424,2653.435425,250.2350762,2166.514068,513.7007705,1784.646231,4218.157403,4780.49608,,902.0716723,,13244.31993,51.35601674,1870.193776,109.1525543,,,154.3815484,,1349.294869,2044.444477,,6897.400038,52.63867236,,1815.972023,,,,,,4404.431765,3218.831246,,,501.1882459,,,138.4599665,279.6042969,246.8401803,,,46552.13784,,,,3320.511299,6387.199487,980.047559,4298.619951,2674.901855,52241.59444,57074.09249,5899.83209,0,966.4662883,29283.86409,190.6725322,42.27454045,12259.53456,4971.038518,3754.878886,16842.19668,6071.727739,7077.418353,52893.97726,,416.09179,2835.566691,3177.136866,,12399.2799,818.7550131,12694.95242,1517.920205,2282.369946,,25409.37214,,8819.690467,,2944.046204,
1993,,,1223.177364,,2011.579795,268.9052922,,2618.049263,,266.3165423,68.61849076,71.13002592,218.2680441,4.482167872,43.57504504,58.94065113,181.4575507,208.6477291,188.6660347,61.85799193,,680.404324,273.4768556,,1.833807633,42.01899286,65.21047,,564.8061818,13.75033684,,67.36558345,16.53686535,50.51226149,35.7045372,19.6235083,87.87302627,99.85015339,,764.9345605,120.7169351,124.3360264,15.35118921,28.23944081,,3344.003851,,690.1079068,35.76121362,113.3600339,72.86399179,95.21012411,133.3608475,125.2325576,,,9.415653278,0,,171.7147422,265.2784717,498.5830152,5.305855597,108.7861437,110.9391622,2569.371949,45.7018236,163.5727265,68.96216665,,15939.23937,550542.255,,3607.272167,253.8898106,11834.45612,2201.934634,3189.501683,1263.627367,9.107491869,296.403645,1781.038361,902.459191,22.47962365,,,417.9727143,23.76131991,121.7912438,,,,26118.86439,43492.79001,,19100.93377,36.68909292,14158.53645,,,1037.900544,19859.32579,86.21830713,5237.681817,783.5318057,,332.1962006,89.99387521,2547.395212,247.853645,2302.226053,591.2738707,1932.861606,4352.24898,4915.525667,,706.9222232,,13746.27006,52.53667053,1827.653305,123.4883922,,,141.3107447,,1019.728584,2596.389875,2648.882383,,70.89348823,,1564.174171,,91.83008145,167.1885339,,,4826.975862,1943.157034,,1021.883316,430.0705469,,,51.06649826,294.0994852,350.7434515,,34.49106287,40694.77987,264.2991855,,,3352.45143,6065.355899,440.302648,4310.198167,2599.757415,51662.80702,51308.49699,5758.690318,0,973.8816325,29440.02499,173.7757445,44.91124893,11265.58912,4632.382467,3635.004536,16411.0255,6053.958186,6284.351711,50477.87887,,405.7892549,2752.149407,3720.637514,,13635.12771,859.0384409,6142.32512,1265.686496,2141.838614,,26929.69327,,9751.263052,,2547.960536,
1994,,,1488.069616,,2065.081141,278.3339315,,,,245.0186307,53.73251904,74.47949865,178.0406775,5.533914801,38.29675886,46.0840319,,,165.9536173,59.43604899,7.61903497,489.261934,252.1118928,,1.717852841,45.72754556,66.7415657,3.903410149,470.3253328,16.12245109,,56.65486884,16.16015329,54.02631676,34.29840674,20.46666666,103.0160104,78.61262416,31.59805595,536.7337624,41.28128194,101.6310485,13.51503873,26.68949267,,3565.387145,,510.5916129,37.15005558,105.6805206,51.99014576,117.8932204,156.8158945,127.8091316,,,11.82874239,0,,173.1854992,225.8609006,486.2269399,4.332143483,,83.68152071,3230.040681,46.41079036,171.3646728,74.99972215,,15707.70171,521922.9319,,3859.8285,312.2736361,14089.61998,2332.507149,3331.916929,1196.649561,10.93275343,273.8386393,1845.760516,858.0490662,16.48891404,,,267.7446996,25.1094542,38.63211448,98.15846622,25.54953437,,25157.24984,43477.95795,,19653.49634,31.91158899,13987.42594,,,1163.974762,19947.95103,85.69551022,5087.199323,910.1091958,,343.0819155,198.1111112,2815.46192,250.8465582,2494.807013,628.3472533,2024.333375,4498.276617,5317.770297,,964.0341906,,13900.01059,51.99504933,1851.212917,150.6605331,,,135.0756819,,873.5304217,2917.842699,2736.213945,,90.19179319,,1548.746219,,107.3000063,90.18090785,,,4818.925244,2317.204215,,1054.752634,417.7335163,,,,148.5884048,352.2375275,,30.48273549,38470.50522,1067.264008,,,3367.187502,6032.178026,462.9659249,4202.345201,2556.914768,51928.59644,47850.5347,5857.896021,0,995.99195,28712.19149,191.6701155,48.23130682,10864.02844,4870.851798,3536.2017,16580.39094,6040.267148,6227.360048,49089.09852,,410.1676904,2886.326787,4591.864784,,12945.55795,872.7259196,6516.626029,1587.747064,2276.001171,,23243.95421,,9533.680845,,2613.923613,
1995,,,1441.767466,,1901.935694,282.724513,,1227.073489,,222.8172336,54.76507127,62.02501759,176.3455137,8.669808927,35.16817175,34.30064467,,,,54.63212531,8.28054063,767.3559514,212.664097,,1.992728818,46.66556498,,4.128559139,539.9920723,20.03842154,,52.06314708,9.985987172,57.95299503,36.67077342,21.19775281,45.78426052,86.57326774,27.10599422,618.2658497,69.61923074,103.6217695,12.44343513,25.75202525,,3171.786797,,373.1552179,37.67923646,137.0147264,48.76907453,133.5017613,131.8876003,117.6313447,,,11.71993639,0,,133.0090907,210.2185854,468.9183433,5.284152057,,76.46505334,2698.414264,46.50519853,162.2858566,,,14804.83443,487525.3276,,3783.540693,307.9029716,15841.38871,2537.472639,3890.072857,1855.636424,10.37936786,319.5866619,2168.937162,883.0369869,15.83676267,,,276.31996,38.61255721,11.12598842,87.52114682,21.37863863,,26110.684,44197.98522,,21484.73528,45.00850974,12961.62348,,,1197.387903,20545.86615,84.73833225,5175.146824,1531.847889,,327.8111252,220.7006291,2963.139378,210.063265,2652.535323,668.033159,2252.798778,5388.140431,5306.435726,,,,13464.20722,50.38697547,1886.816914,110.1380249,,,125.8701338,,859.9851989,3103.351536,2623.998668,,89.36737698,,1166.471178,,103.9789376,93.88768126,,,4849.054825,2259.386678,,1867.962962,476.4298469,,,126.198429,122.8717746,138.9860222,,38.45240771,25312.08524,1147.797261,,,3337.614985,5908.99129,415.2151011,4157.626833,2300.597051,49357.9369,47063.11488,5983.18447,0,1004.06806,26222.88836,187.0962241,48.21798358,10555.60198,4398.78934,3797.741537,16712.00101,6054.24785,6300.860159,46042.50744,,425.495726,2840.736042,4504.442785,,12028.05558,628.2772269,7147.092262,1626.588561,2292.574334,,20489.33818,,9794.130747,,1962.773117,
1996,,,1641.601151,,1896.85553,325.185518,,919.2088523,,205.6714482,53.30071545,71.87003551,179.0495879,6.037776402,32.5638364,39.12824471,,87.27532784,159.4061994,43.72100083,,874.2090318,247.4937815,,2.754472042,39.32155012,,3.429278344,631.0593077,17.91670581,,75.32031397,13.25928846,54.52894549,43.87509003,19.81363405,41.55341794,91.94807888,24.90491751,524.401095,98.97503889,101.8928767,11.94365581,18.94457755,,2756.831982,,264.4714443,38.63611951,135.0322795,,143.3473634,88.21719564,123.1018625,,,10.89345343,0,,161.9780914,190.0934477,392.4773131,0,,75.64736912,2864.401325,41.8093049,167.9053393,,,13595.39198,461006.641,,3357.246374,302.2775669,14731.63932,2558.081722,6029.98261,1636.842639,9.357324746,297.7273545,2091.713807,949.3049389,11.43710871,,,298.290877,36.66713604,11.96995149,84.23996624,28.55787506,,27724.83384,45002.01455,,21786.82632,38.03239784,13371.87052,,,1250.522044,20918.3762,84.29601023,5173.787979,1431.343438,,367.4226581,203.4458607,3315.471395,160.9123404,2550.557121,713.341765,2361.81351,5902.42146,5219.331455,,,,13299.30447,46.19029283,1902.199859,141.9685343,,,113.033161,,705.5759182,2908.542727,2603.267188,,86.9447429,,1097.007866,,80.83935255,104.5426453,,151.2970459,5102.834282,2195.723136,1103.834712,1856.394929,488.3600643,,,108.8418576,108.188729,106.6847896,107.7343994,36.68637325,23900.47518,1024.167228,,,3306.361652,5796.591529,623.1333898,4170.812871,2547.121018,48183.88624,46142.92857,6341.616695,0,1057.753018,28894.46352,193.1600617,51.56941139,10606.26524,4459.072684,3663.604951,16184.35065,6129.406499,5962.258088,45602.3382,,453.674296,2876.55947,4967.159299,,12254.55521,831.5132227,6078.22139,1427.266697,2165.755417,,20456.24336,,10961.34467,,1786.823827,
1997,,,1974.453296,1352.922703,1986.615976,321.1881492,,1473.243926,,237.2436596,61.6888937,77.55628531,197.9192108,6.035922327,,28.30795995,,71.85088984,159.2907004,46.16853902,,552.0459538,455.1217818,,2.965332766,39.42612536,65.33952259,3.169181135,599.8775486,29.10725875,,96.03123314,17.10139206,63.35461846,50.95328269,16.43958191,46.12222628,113.098448,27.45743314,564.0841745,91.0951681,101.401014,12.97848777,8.998259574,,2534.299851,,208.8165151,37.45192101,144.1050971,,141.4788353,88.43153486,132.7198404,,,12.7173803,0,,218.1075027,184.1917527,336.6490132,0,,86.36505908,2870.096916,41.16991694,193.2200409,,,12528.35514,458621.811,,3301.083409,366.5058416,14630.55351,2730.173371,3876.746171,1870.504637,,245.1099081,1766.124355,937.6537305,18.75718786,,,278.8577045,44.36718592,17.15505793,127.5172683,33.18688427,,29741.24263,45383.30363,,22322.95459,34.70693308,13315.68978,,,1330.968141,23155.96471,89.3061199,4953.836516,1270.113669,,427.5581475,192.6820737,4357.551125,147.593706,2397.122608,593.1832119,2109.243263,6623.955627,5069.949184,,,,13537.83996,43.32819641,1863.708459,150.3984747,,,78.92040054,,658.7996185,2934.279981,2461.591548,,116.0381183,,1349.28525,,78.28205327,171.7895364,,119.0505888,5591.827714,2461.93018,1225.158312,1493.378747,468.5288734,,,138.3975221,124.3443491,174.6075129,67.18698174,37.37188384,26129.68519,1290.741102,,,3313.789823,5723.697608,790.1389859,4224.293239,2739.484789,48357.96905,44439.68354,6757.844542,0,1120.522175,30297.42651,208.6270298,50.08810367,10502.15563,4385.018614,3737.027618,16026.24192,5815.001954,5746.894712,43982.88984,,442.9048375,2944.413618,5540.579699,,12266.49999,858.7980907,4631.194461,1196.309691,2241.42511,,27780.48795,,11423.99723,7035.922134,2291.824112,
1998,,,2088.235795,1526.10127,2010.305945,327.5732533,,454.4084071,,290.4199555,60.79143722,83.16912767,224.1761588,6.705134427,,26.5917861,,21.62709573,,45.43122553,,1539.64087,973.2159884,,2.967078299,49.04239709,71.24860141,4.731541164,565.0195844,34.49160242,,92.78414532,13.65085823,62.7104153,36.04022674,15.13031543,54.81737827,120.0445068,33.80384632,720.066627,100.1250259,107.4604541,12.25104621,,,2245.551953,,604.4202107,41.67345378,157.051755,,179.4241573,,181.1956923,,,,0,,235.0528575,177.406137,352.2959746,0,,71.28042092,2959.965619,35.40014489,169.3488317,,,12961.56658,448266.0267,,3327.818527,452.9915209,15726.42704,2840.181001,4630.836626,2059.814914,,228.0474413,1754.320203,935.2934153,14.57599008,,,276.8710246,40.36772896,19.64209762,108.1200207,,,32578.74878,45434.9261,,21543.49194,35.99913575,12455.39602,,,1349.954148,24159.29209,90.62884689,4953.794643,1331.656388,,385.5678909,171.8529378,2849.258727,100.6037697,1761.78731,488.8739738,2082.957109,7501.260063,4001.423732,,,,14200.57163,41.17052905,1866.184416,119.3428535,,,74.62081889,,761.8011278,2262.275109,2671.919294,,122.8482876,,1205.628792,,84.33747628,298.7944307,,122.3597333,5807.310989,2236.000026,1121.483608,1167.969133,467.8773503,,,136.514904,141.7023009,163.405288,64.87308353,24.57114186,15539.14366,966.4588364,,,3322.834253,5722.113221,705.3518278,4270.911803,2799.253712,47072.62421,44593.17282,7363.977711,0,1129.938093,31299.69413,223.8522132,45.97884343,10467.0493,4675.520717,3659.690195,16819.00936,5988.354873,5733.414213,44126.64809,,455.5557151,2964.484964,5544.884476,,12092.63653,930.8926882,4320.785584,1153.019779,1985.110112,,32091.12385,,11970.45428,8296.511714,2201.03997,
1999,,,2203.859088,1178.366092,1703.281611,324.2753234,,5807.332623,30.90614524,276.26168,67.78023621,87.17499749,242.1421973,7.51301565,,39.25943984,,78.79672772,,45.74113857,,1631.871391,1544.322606,,2.659175465,51.9226136,93.71567747,,549.9291216,48.93781826,,87.01687276,13.31010428,70.81732183,48.03775237,15.88232593,65.76484912,162.5604773,38.59274333,1218.572367,101.8389894,115.9615626,12.30353483,,,2151.852153,,1083.078402,43.61712793,156.0858628,,205.3818254,131.7454373,180.1686689,,,,0,,255.0987479,182.7289591,342.3295848,0,,68.07931497,3114.262192,36.410647,179.4858075,,,13521.11408,449369.1382,,3429.531515,361.5167538,16110.31436,2938.426679,4927.434966,1576.226801,,204.5304676,1701.320559,960.2597192,12.66256547,,,231.4407495,48.89238968,16.43022947,116.9489382,50.71215198,,39635.01073,45198.30656,,20965.57971,36.79611966,12433.91394,,,1399.370811,28076.63554,97.99372696,5002.77844,1199.378946,,344.6820576,177.8046102,2165.016612,44.35428192,2383.532713,484.1926749,2056.496253,7641.483256,3555.698326,,,,14895.27475,42.17413454,1891.53143,92.37621159,,,86.41917334,,863.8395973,1764.250031,2897.167178,,152.7533358,,1377.913351,,109.6194266,228.5285912,,108.5890335,5717.712365,2017.939546,1051.147646,1020.420362,440.1134475,,,146.9132381,184.9570344,163.5262938,49.94708537,19.50191131,17256.51442,903.9993798,,,3390.759132,5796.671209,436.2067498,4244.83396,2438.762475,47468.60488,45494.66983,7709.652426,0,1168.895681,32524.04713,227.2921253,44.48749129,10981.12986,4698.90688,3849.722307,18482.86315,6215.010067,5306.955282,43891.4719,,509.8807517,2974.331787,5608.29334,,11836.98562,954.1981955,4198.327806,1367.829511,2008.325341,,28562.36608,,13217.16892,8577.18909,2386.217014,
2000,,,2557.290856,1261.194351,1288.971539,338.8175775,,2690.084471,27.87427114,305.6985111,69.0452255,74.97470347,235.1874341,12.1060906,,44.55598736,,62.03795098,,43.58063409,,1357.861324,1392.93113,171.565223,2.794713631,72.75369852,92.01611901,17.64226655,590.3407543,46.96300821,,87.82422141,11.29553513,82.12761062,62.87943701,16.44718122,68.12636056,146.3654227,36.98773007,941.0180966,86.76301506,106.043148,11.52890103,26.07516887,,2525.614745,,1395.244905,41.79392533,166.4497367,,198.6668692,,226.7255855,,,9.773641881,0,,341.9351298,171.8609094,433.0740151,0,97.50060701,66.88883249,3214.503661,41.81292811,0,,,13299.64807,466758.7878,,3266.833453,360.3794369,17450.88656,3089.639843,5000.977286,722.3440105,22.27216521,198.4245646,1554.67273,946.8570171,15.5353251,,,242.5316607,56.16638626,14.19911685,,43.63634472,,43072.43719,45435.31993,,22255.48353,46.77703859,10929.68077,,,1461.06333,28971.68661,107.7491571,5013.491804,1604.447106,,326.2209668,166.1221787,2227.561151,35.11861498,2163.841767,652.9613249,2172.792727,7390.595147,3395.294662,,,,14854.62616,60.66528124,1899.624237,81.46392049,,,95.58393251,,890.488997,1250.176141,2991.438807,,180.1552624,,1520.621262,,136.9388268,298.4829114,,124.3709637,5557.516007,1920.789521,1520.825413,1060.638394,400.5343199,,,148.9215827,196.1606335,181.0895511,34.07386878,14.9237485,23283.02341,1041.829077,,,3472.578057,5796.263461,465.5719465,4106.174477,2578.375319,46931.67825,44776.91826,8137.086047,0,1199.256608,34693.3935,232.0573677,43.24381568,10543.43659,4542.895924,3964.482261,19101.84924,6353.793182,5227.725593,44862.27883,,506.00382,3179.578304,6174.523805,,12545.72766,979.9951304,4901.676252,1538.411143,2391.731208,,31480.06138,,12791.26571,11747.47474,2839.452444,
2001,,,2798.984141,1233.844527,2332.069832,352.1358325,,1620.979939,24.96478042,373.9829086,68.02003759,99.41048049,234.2846517,8.225482871,,50.05835024,115.5132081,,,42.86484479,,1005.015253,885.0022092,170.5587883,2.422833631,45.75221313,186.0594304,11.40169305,679.3593305,49.34377421,,109.1451973,12.07052028,82.59667764,87.94908597,16.60968178,77.65676812,172.5206155,45.26230474,1340.22938,88.5231419,117.1281609,11.95189419,30.96828972,,2823.951433,,884.6059766,39.32782057,193.4467407,,200.6325289,,298.8837193,,,10.12230097,0,,401.9470865,226.1031457,509.3724642,0,111.2366617,71.20900625,3180.918313,38.03877313,0,33.78522773,,13652.23911,470549.6394,,3218.111059,403.4278013,20212.96911,3159.266438,5500.166774,757.4065372,25.44498676,180.4096247,1518.831432,939.5396612,15.70369509,,,356.595726,45.87556511,14.09679834,,37.60059224,,51979.69881,46230.70821,,22892.04128,42.76407687,10731.65101,,,1459.907489,29980.7336,139.3591397,5363.278847,1339.454736,,300.4098321,149.0063786,1980.431975,33.89863264,2692.102579,585.2231877,2049.394907,7567.311159,3393.432089,,,,15442.71467,63.7244282,1856.407847,68.15644141,,,108.6157833,,986.2046539,1158.202663,2877.865991,,210.2198876,,1670.216698,,171.8864859,349.9826993,,395.5463281,5731.346799,2014.445246,1210.931294,1194.689077,491.866265,,,144.6025039,221.8768672,225.6244124,43.23969668,16.47430218,25161.98014,978.6878164,,,3235.63537,5541.440464,549.7088657,4360.514515,2456.938002,46786.99394,44040.96565,7957.910657,0,1301.262051,34123.65627,290.9846091,46.15801354,10821.15192,4572.775328,4124.757283,18889.85685,6028.766254,5105.377561,46541.33418,,531.1588264,3837.235896,6873.553193,,13071.40557,962.1603138,4817.327212,1591.435986,2782.412894,,33531.14197,,11726.02217,11276.06409,3017.512902,
2002,,,2860.234854,1585.728168,2218.821215,348.6290491,,1661.588564,45.9242604,398.6007542,72.98224439,95.31431493,253.7857238,7.481538089,36.05438808,59.2367523,136.6462139,,,54.37430711,,960.6917381,735.5525225,170.4962454,2.607408421,50.38200001,204.6836066,10.80001412,731.2122183,37.75425247,,86.25422608,13.05310811,82.22428127,62.96321119,16.99247151,80.40121288,170.4204307,34.89460112,2023.073232,83.69392811,117.4650892,11.80216231,30.81706352,,3094.317446,,1037.773999,40.0848544,189.1712912,,215.1419997,,1076.603636,,,10.403432,0,,372.4249381,238.2407537,377.3558418,0,110.8323066,85.8859131,3074.784948,48.27564525,0,45.45377114,,13721.50195,528337.3471,,2742.421822,377.4200948,20482.81391,3144.078124,5775.234324,885.5200104,28.48875063,173.9899503,1411.449274,866.0123446,11.53384489,,,390.8381163,50.88018184,30.02532598,,31.99747504,,60368.85962,46460.97191,,23522.88955,46.86107786,10378.55347,,,1416.354189,29887.93589,185.5177811,5767.727643,1108.200678,,319.3570849,132.6659329,2393.856742,31.29417014,3059.053489,426.1859903,2157.555341,7978.113545,3424.910695,,,,16106.72156,57.23149938,1786.061722,47.27316337,,,108.4638711,391.0767301,995.0985715,1252.972262,3071.929265,,251.0010405,,1823.918356,,281.0286796,348.8957883,,171.7683864,5829.806882,2003.57968,1339.410847,1212.868275,545.460682,,,143.0195761,238.9063934,234.5529699,61.84158653,19.31648679,27874.24506,1132.780426,,,3178.815758,5373.332865,375.7965315,4308.345264,2505.410511,47748.28057,44160.76299,7806.222891,0,1249.660062,35056.33562,259.4167667,45.58257077,10809.36878,5495.187267,4237.338692,17509.71552,5868.445866,4886.787185,49427.37714,,636.7519616,4332.374491,7398.598605,,13076.5339,932.2435425,4971.040871,1480.578437,2864.679338,1427.512417,29432.10124,,12476.46603,10117.60898,3821.717155,
2003,,,2798.591002,1973.698413,2350.273042,362.7826584,,2194.260604,50.13296739,384.5173382,71.28533573,96.85861176,272.2321079,7.886414927,40.59296234,60.04116283,152.0897988,99.93490499,300.9889106,66.97643111,,937.8223493,626.4218197,159.1880021,2.822042586,62.64533674,158.8479106,11.00780387,738.2544063,35.54874028,,99.87203339,13.40195103,94.00736227,99.76281397,17.43969268,79.5072032,167.9443014,35.2208862,1245.326841,77.89126261,127.6486589,11.77838006,33.62857936,,3062.857408,,784.5287205,46.6821986,171.7436648,48.83575188,231.7533785,,338.7983045,,,11.07293001,0,,277.6418843,182.6531942,409.5177346,0,140.4053325,89.67600267,3066.789352,49.25265872,0,76.34528232,,13974.13038,601335.1555,,2824.71645,421.7460692,16340.25173,3566.498434,6066.690269,1200.636762,26.83020493,155.5455474,1449.312159,753.6784109,11.22959312,,,462.6489443,57.76576394,38.87141858,,33.86003362,,65247.61994,46519.78881,,24322.61447,44.30171243,10279.45459,,,1420.743647,30555.25766,206.8079818,6163.415068,996.6124344,,333.3392514,137.9165656,3218.906685,27.42689421,3896.468168,634.1366437,2404.294003,8056.746528,3389.373308,,1781.583739,,16406.66015,57.45842563,1829.215288,42.76532588,,,121.8477548,272.2012758,1012.304006,1014.018773,3336.067481,,290.1234665,,1968.621152,,324.2215491,341.2641534,,156.6435458,6066.05594,2066.703081,1173.683589,1286.380846,568.0962135,,,164.7014322,297.9498543,237.0804501,75.22638375,20.99151137,29227.17909,1365.47523,,,3310.492452,5431.643222,363.7129387,4182.262524,3181.020165,49188.59823,43557.26247,6687.726097,0,1197.986364,35341.43535,274.4800449,47.03004431,10965.53289,5283.171133,4090.939795,17770.73487,5825.740724,4759.606301,52974.69187,,728.0967481,4426.864885,8635.231945,,12861.25581,1075.462525,5357.222678,1487.6938,3012.323781,1439.239776,29641.33,,11602.62945,10692.26745,3943.458259,
2004,,,3183.245751,2577.33348,2284.31377,369.3412752,,2088.585272,54.63708332,355.6232403,84.1878303,94.10976496,289.5757784,8.152225021,37.88811726,71.16845868,178.8905689,165.5907854,317.5115159,58.09169472,,,679.4853137,166.3420454,2.514345495,61.0950708,147.21691,,728.4678373,33.15343816,14.20314168,99.35252118,22.50782621,102.2653931,102.6189206,16.49336514,87.05060485,177.6597197,41.02437694,1213.209431,67.9626539,128.1815486,15.02972957,27.3146465,,3170.678375,,2228.649954,51.53147366,175.193983,49.43872916,264.9675045,172.5358613,208.5562347,,,11.91657845,0,,245.608168,176.8019329,244.8226092,0,100.4366792,83.23060802,2954.556514,44.27422376,0,165.6763157,,14503.03567,655407.2824,,2906.722275,407.4596414,16978.24949,4043.188215,6475.399126,1122.733717,35.50188978,184.4112055,1419.257509,728.0462505,15.91984445,,,528.6442649,61.92364558,45.62128399,,,,72192.47144,46333.92499,,25391.14757,48.2521355,10297.41326,,191.1158315,1447.669854,35492.72569,246.9674121,6416.72376,1110.43666,,262.8020136,137.5059328,3598.74957,25.95973641,3763.974988,708.0720059,2265.439944,8209.059628,3156.448044,,1824.354933,,17083.09363,64.09821683,1777.30564,47.88524776,,,133.1746488,244.0621483,945.9422773,921.2778953,3202.96505,,306.0236531,,1822.833226,,349.9810071,393.6906469,,167.1275703,6353.902662,2222.454362,1084.357428,1194.995361,602.5439334,,,181.7365374,361.1790829,286.9404008,105.0172053,18.7569686,30548.68312,1494.787269,,,3316.330071,5318.517135,377.8946507,4206.337835,3373.264144,50531.50311,42222.87848,7352.796178,0,1216.338042,35457.19766,288.3366895,49.64385622,11045.15327,5417.119868,4344.649353,18575.30437,5482.620526,4671.306124,53568.01213,,733.3596823,4188.257842,11158.93476,2109.245367,13297.03237,997.7890058,5766.115822,1512.636835,3390.943572,1326.566529,32891.55194,,10782.34056,11892.61183,3216.109706,
2005,,,3332.493077,2538.877242,2370.568785,397.337626,,2959.143218,55.40049456,322.2651441,88.80231565,90.1625905,285.9549256,8.897454115,37.48161131,72.31299619,140.6612614,194.3587579,304.0203802,67.64146464,,,681.9482344,151.1732569,3.527156163,60.91351508,,15.47182284,768.4095812,33.79837208,33.37043311,89.21530923,36.89484396,107.1611191,86.86873138,16.78366503,66.97928666,196.6730601,39.42420512,1071.199062,65.74829019,145.5432903,13.77241106,26.74710353,,3520.0771,,1821.409334,67.4444603,189.0198654,46.64927288,265.645647,193.1905715,156.2652517,,,12.98122342,0,92.17674252,304.1862118,175.3447973,195.9982774,0,98.67623684,80.07733211,3002.162272,44.35848785,0,199.698713,,15140.88278,685594.6244,,3053.242819,393.8173365,18370.33119,4156.959799,6592.394389,1473.105608,27.98264464,163.7436064,1759.678187,737.436284,27.90979863,,,666.3342567,60.86982051,,,,,79912.32681,46250.14129,,27461.19191,46.74288187,9907.513349,,172.1026563,1467.545107,37772.18603,273.0772273,6678.549764,1027.546777,,318.6879365,135.063749,3125.661326,25.37845762,4026.271897,716.1716184,2308.352412,8720.414834,3209.294527,16.02519088,1903.367234,,17679.69081,56.28567615,1756.012288,56.4927786,,,137.9596686,203.7533411,967.7843351,961.270688,3501.90619,,293.1068901,,1804.447644,,407.2627601,429.172795,81.66981999,155.7111995,6787.039394,2350.267319,908.7773966,1295.008465,614.2269865,,,222.3430943,422.6793197,373.4203425,278.9246075,21.83441894,34715.81847,1611.311666,,,3245.101861,5124.848242,410.6101694,4007.732048,3470.334781,49495.73789,41566.09473,7950.917655,0,1232.046621,34112.78142,291.7577777,62.63378514,11064.58772,5096.663534,4606.129267,18806.57611,5553.908722,4598.119918,53995.09336,,689.8511163,4180.085073,13269.30218,2847.108377,13623.0887,991.9169248,5580.294562,1536.274925,4085.633411,1400.844041,39719.61102,,10392.2276,10849.42568,3306.030612,
2006,,,3415.974781,2233.855511,2393.200085,419.1213672,,3475.931089,55.38040343,317.2645042,84.61438211,75.3107463,310.5832208,8.255840789,,266.6382967,164.154966,210.9019372,314.7093357,72.16893358,,,615.9644555,167.6094617,3.168412554,65.51513367,,,760.0208108,35.54825491,14.65220089,85.97834054,30.25019646,116.1779944,101.6296916,16.45630257,60.11380417,207.3004966,,1116.535931,72.41321855,168.7262359,13.53084728,29.77958744,,3568.576427,933.1508042,2142.368942,67.10794321,206.5403333,,256.8014416,211.072117,144.6123722,,,14.28087281,0,87.22912146,293.5215049,180.207825,228.9045317,0,113.2626519,95.37496443,2815.431026,46.62979221,0,218.3654658,,15844.62198,695473.8562,,3148.231347,397.8401061,19021.73509,4736.200393,6970.551035,1420.084063,27.22394767,187.4686082,1839.105374,770.8568095,34.36129397,,,779.0595955,67.10568979,,,,,92187.01701,45660.77942,,28450.90223,57.2547661,9504.731291,,173.9877377,1579.593293,38078.23272,256.9736947,6789.066232,1186.487563,,358.5523982,136.4308554,3173.899974,25.45400083,3939.947752,,2386.845674,8798.980488,3554.622178,32.04496313,2240.561136,,18624.41308,70.51169762,1942.969422,55.88649657,,,169.4513924,195.8951061,958.0668591,971.6048971,3234.98898,,321.2521272,,1616.917911,,511.9711043,475.0132905,80.64738854,148.2177646,7214.965049,2422.867005,916.949649,1313.569805,703.6820503,,,262.6575282,868.3166279,485.0209832,473.8389587,27.75046197,38425.14259,1807.669842,,,3116.93887,5085.01357,404.0180883,4380.666601,3532.970107,49723.79925,40606.34208,8266.748391,0,1221.748081,33007.60653,285.6305283,50.85311894,11587.05288,5086.840295,4458.635756,19422.53359,5467.419521,4376.892046,54278.4943,,756.5170666,4277.113664,15888.64451,2043.73703,13831.11306,1084.929016,5516.481214,1525.439132,4354.326115,1504.154759,45246.25665,,10878.35713,10771.22104,3093.324894,
2007,,,4007.870329,2102.432699,2464.60216,386.6862015,,3048.646448,,349.8966711,115.3897139,75.65876315,325.7367011,8.24188725,39.25957828,468.5337524,194.6381771,199.1214599,342.6684648,47.93054805,249.3096015,,564.1738782,,4.348947485,100.5167338,,,851.0163581,38.72359455,11.07622375,103.6335755,31.16114848,120.7220144,,16.06299462,67.55071691,231.4552074,,1296.628114,67.04662712,189.6193636,16.47670573,27.89341457,,3516.342342,855.487614,2713.195627,68.31000518,216.3976574,,262.6789408,239.09206,,,,15.63461397,0,91.78751836,293.6171466,200.8164159,225.1899651,0,134.3971603,105.5875325,3777.909347,46.64307995,0,219.0284078,,17274.74474,714031.7732,,3405.542962,442.0714477,20514.02557,4663.170729,7394.636633,1914.640428,31.93661131,192.3729779,1781.989951,736.301528,34.70028738,,,1171.323935,61.01457973,,,,,103133.6207,45067.27543,,29739.47165,74.77716434,10057.64527,,267.831375,1662.331313,38538.22129,247.3557717,6836.297574,1453.11215,,370.9197564,130.4336311,3816.688341,25.43580525,4399.280037,,2614.43284,9138.285449,4570.018707,40.31316256,2888.965063,,19768.67335,87.47808322,1960.673296,67.41877462,,,209.7101858,193.4330648,1120.594864,999.8872807,3121.979161,,435.0818823,,1646.851521,,558.1056674,517.8535341,72.93337096,171.4046011,8150.218451,2323.424056,1033.893921,1328.700304,707.8769943,,,307.8804677,943.6548851,529.1981332,938.1709773,31.5334361,41825.82103,2197.181631,,,3706.714832,5486.968943,382.9704706,4225.56014,3328.588597,49705.05913,41057.35913,8260.186336,0,1230.623977,32065.79692,296.1802954,50.91122499,11743.22491,5411.802984,4282.44015,20143.89176,5610.758526,4404.407642,55960.39162,,819.8698511,4307.415627,14610.5724,3127.834255,15504.97107,1524.330957,5859.549105,1674.133798,4416.590885,1938.213572,52118.08994,,10489.16236,11445.17315,3698.407533,
2008,,,4669.721543,3177.452504,2749.221364,420.4512795,,4127.021405,60.00314665,374.4926451,105.7272203,63.12192117,337.5118672,9.768116039,55.3473202,623.6370162,214.1377366,143.2437669,343.3240923,44.9889361,326.0179266,,451.0338653,,14.02330791,87.96938552,,,812.2173523,28.15878332,11.55557875,108.9520097,38.08580674,133.7838021,117.8659097,17.81518223,70.23605906,290.286023,49.12384403,1821.245595,70.6895923,185.642937,12.44507785,20.93752243,,3491.683606,1182.918344,3272.866993,76.59193485,220.0661887,55.50056,289.4605092,238.1986034,,,,19.99088366,0,92.32969499,337.1500675,196.602174,244.0474458,0,166.6263856,142.3906658,3756.729413,44.17484718,0,216.6643683,,18616.56795,765973.0817,,3383.904664,528.595425,21822.66483,4949.761609,8740.743108,2219.300411,36.33681434,192.3049017,1776.955049,831.4011578,34.62295096,,,1112.214649,57.66199232,38.11573348,,,,112927.0408,44633.54658,,31684.92395,68.68933134,10240.94914,,233.4123222,1642.387326,43711.98078,260.7863707,6445.232019,1663.587101,,382.7423515,109.0698837,3546.061038,23.59143551,4498.745705,,2614.824813,9200.756525,5301.702228,36.83195569,2845.727651,,20489.49724,56.97977178,1911.318959,55.48696084,,,247.0016658,201.227117,1094.701004,1148.050387,2661.733228,,425.9218786,,1530.544241,0.867604767,546.8173739,534.0589648,83.0740643,157.2904508,7413.181089,2560.677102,1003.186315,1361.70526,749.6345201,,,357.3292178,1269.984936,542.3210197,890.5423979,38.81669695,45957.17187,2149.486124,,,3592.20598,5981.907441,384.2435411,4387.778174,3588.320961,49343.83307,42237.79591,9182.676898,0,1274.610645,33393.38358,221.4780547,52.225829,11540.2759,5442.122045,4298.697567,20033.05865,4990.381192,4511.481811,58510.06807,,887.33333,4011.426409,14056.20452,4134.619835,15701.80016,1761.375656,5395.052532,1534.143901,4194.132083,2499.139751,51152.49234,,10640.15678,13942.15882,3554.725556,
2009,,,5071.803856,,2935.695826,433.6192045,,4015.482594,,360.8720915,118.2460567,,342.0665916,7.965666642,64.39300283,722.7608279,,154.3125249,408.049124,,417.1676345,,446.2762266,,6.656470867,102.2359526,,13.55914654,828.6653414,46.61526736,19.82893535,78.70675834,46.66361102,139.1354127,118.248935,19.18903764,77.5753443,306.0280873,50.8931026,1909.997824,72.39585441,198.3628197,10.57077293,24.70528169,,3650.629748,843.9890925,3191.763273,83.26609397,245.0206383,53.77973299,284.5119125,224.8847073,,,,18.64795749,0,97.22120611,331.1623529,213.5528084,229.0097201,0,186.9297641,137.9002769,4511.349224,43.7485294,0,202.8324963,,19466.83103,826247.139,,3646.965771,524.2252799,23794.68543,4451.153361,9182.289235,2498.89297,35.96946722,213.7353833,2185.433999,850.0493744,19.51926455,,,1048.927122,69.61983726,39.17934583,,,,136805.9557,45469.66153,,33676.9233,44.39479717,11029.76608,,262.6713601,1916.143606,51464.06594,292.5035723,6642.12597,1718.263275,,375.6804945,185.3066579,3720.40555,19.70771696,4246.850546,,2514.604009,9507.721224,5914.14994,56.43432211,3126.027992,,22033.01265,64.86528293,2057.624802,70.07505139,,,195.4960255,221.3750251,873.2872087,1046.071334,2740.46538,,369.0199697,,1364.225567,27.52662834,347.2797935,402.9105116,76.2829898,153.4360089,7819.381772,2177.315633,986.275338,1301.238888,755.0282695,,,372.4743,1121.7663,480.1610237,543.1780229,28.06821785,48217.7859,1894.691348,,,3354.308767,5634.17103,419.4636459,4125.794201,3766.925061,52994.60125,44073.5532,9627.664809,0,1258.422407,32298.85856,219.1545011,56.90778575,11789.32957,5773.857314,4701.625409,19231.47928,4894.062253,4506.710572,59766.46319,,992.9856896,3893.435005,14706.90523,3941.017272,15388.58935,2049.697458,5245.008347,1848.821918,3942.314002,2208.462145,52568.05069,,11385.06851,16414.41634,4066.582277,
2010,,,5367.509457,,3142.009397,449.8592631,,4296.792167,,338.3533177,121.4179408,,365.4114109,8.025746331,95.37878147,645.2271094,237.5415863,241.9309184,390.2385121,,,,451.3342066,286.6282192,,97.12673137,,17.28975431,878.5899909,57.9550663,21.49189171,61.72209667,39.37022587,146.6892255,,17.4389045,99.94803811,333.7855285,66.834043,2242.510824,73.71786204,187.2717518,7.945829605,25.70270619,,3533.342558,892.0580135,,92.5239835,317.2279338,58.15317614,608.5250856,249.8502848,114.7117142,,,16.41275158,0,103.3676676,356.1887825,223.4007135,250.7584113,0,193.7802748,122.2937792,4296.595934,46.22258563,0,191.005521,,17582.61194,849866.6557,,3608.732664,484.0310122,26423.85904,5008.125914,9112.29846,2592.650833,34.64316889,236.5339378,2380.209889,927.4846197,18.02284628,,,1152.093534,79.38414763,43.99671488,,,,143931.5519,45628.69197,,33956.77804,55.48415776,10424.57698,,280.8878619,2307.365034,51671.01677,306.8649116,6888.042481,1601.446735,,392.0040726,221.3881252,4369.365806,19.81800259,3712.800228,,2641.478686,9324.886276,5473.245848,38.23548765,3485.239649,,22289.30482,60.31225858,2074.258556,58.07954422,,,210.0359561,206.2213667,823.6989575,969.3141192,2486.080386,,353.3241649,,1223.826481,39.53387885,262.946933,336.3302777,77.84604712,130.5218422,8192.640748,2005.297978,956.9013268,1139.062143,751.8570802,,,389.1411193,1062.113606,540.2073168,407.094712,21.40452093,49197.98556,1967.483936,,,3335.047921,5396.273002,435.2199996,4392.645299,3683.516125,50482.45421,44468.18953,7398.46489,0,1199.093488,31376.55064,276.3504142,58.42036405,11292.96632,5683.650801,4636.593801,19356.21174,5296.485274,4353.181074,58961.51571,,991.0801234,3892.415948,14964.82585,4441.071828,15500.32293,1942.091547,5148.816927,1976.45899,4162.534245,2180.185921,54713.1944,,11183.65162,20585.48118,4036.047028,
2011,,,7681.801086,,3164.673974,536.6433646,,4023.220286,,327.2110467,126.3593796,,331.9150244,8.667513677,86.72847771,632.0416741,,276.8252468,326.6303134,,,,434.9454986,266.8901012,,180.5599407,,16.03821965,897.877878,45.06705621,31.56531437,69.08674357,40.19401255,148.9454489,,17.9728157,92.90666069,352.673592,77.62863518,2496.256563,74.48062926,202.9233391,9.675646181,26.74854789,,3660.392794,1269.481559,,90.38123549,341.5213071,55.5529483,603.2661081,262.4225478,223.8014238,,,16.22225432,0,99.21161472,329.7239555,233.3289427,265.2319113,0,213.9332707,129.543484,4690.22435,52.18771784,0,186.5411726,,18176.80922,839803.3132,,3556.989966,536.7799066,25595.04415,5337.818113,8482.301288,2907.892721,34.48989438,269.4874755,2426.28542,901.7936367,21.28341293,,,1269.66987,76.45288953,54.67971336,,,,155169.0166,46243.20302,,34422.07536,75.83287494,10523.97569,,276.2801919,2445.395608,52171.47495,317.229211,7260.990704,1678.104264,,383.9325078,233.0173323,5009.125973,22.17505642,4162.045304,,2683.549519,8992.746099,5636.666806,26.20821239,3253.31506,,21980.51418,63.36903992,1959.304899,67.17334508,,,208.888469,182.5901908,684.9674641,1003.570545,2238.848297,,375.9493422,,1240.733564,46.36141125,272.1160461,324.6987675,75.78068355,121.7677328,8307.202943,2074.399082,919.0505219,977.4327123,606.6607529,,,356.5891088,2021.001896,580.0588135,366.2959598,23.62751562,52505.94037,1769.603697,,,3259.222703,5206.909888,403.2479041,4094.299482,3742.48212,48981.20013,43274.72432,5956.733785,0,1136.747709,30726.88601,238.6544717,51.44696164,10913.50677,5790.839166,4429.246819,17856.19715,4980.095915,4469.623036,56813.46731,,1220.215307,3780.418099,13495.33726,4785.567589,15668.64488,1908.522079,5883.494482,1931.710729,5449.413636,,55456.35652,,11279.58619,22361.55045,3659.689081,
2012,,,8083.506348,6894.81752,3392.282082,542.0760156,,4222.426136,72.14248543,305.0031487,140.1049428,67.72455535,356.5594601,9.125507241,76.03414766,,,351.406223,397.9132678,,,,404.7690909,294.1764481,10.99517191,288.1522811,219.7106688,23.7515038,1014.985657,43.94461955,33.56054178,67.53388672,46.10899452,141.417608,140.6016779,17.23730205,103.9456905,347.1704434,148.2643802,2199.14686,73.16047319,184.9473943,11.38881751,29.2793788,,3825.540728,810.7183761,,79.73917409,346.841132,62.4458519,308.021301,292.1172462,346.0743218,,,15.8237562,0,131.6385865,372.1121592,233.102881,292.2284306,0,222.1949755,128.9618347,4965.433,69.68212643,0,197.864881,,17284.3904,793156.6032,,3513.097754,633.6708897,26087.18382,5009.735522,9079.355725,2920.177756,34.9121537,308.873843,2720.282965,983.4318088,25.13379781,,,1481.663237,94.28812542,56.7756449,,,,168514.0185,45686.18011,,35298.47661,92.76832311,10894.66114,,207.0457431,2572.515199,51985.80036,300.9463217,7700.386523,1516.113642,,377.1916629,254.3940367,5751.378971,22.6807916,3969.345263,,2724.868413,8782.960652,5556.510138,38.12377068,,,21210.2335,59.58778255,1903.964199,97.31557844,,,204.132454,180.2980393,685.9063269,917.1998957,2152.180276,,439.2331205,,1181.035108,41.66971325,250.1439313,325.2073712,67.15735297,115.0371296,8379.805953,2017.946871,888.449858,977.8973414,522.3255764,,,365.1275112,2096.653858,659.6249164,379.979278,24.23468912,60836.0759,2000.061864,,,3216.218006,5148.884677,368.1611786,4222.249249,3788.37986,48228.80075,43645.87831,5268.478065,0,1076.560758,28402.73154,232.4643151,48.56198175,10255.05378,5896.327978,3933.477883,18058.63148,5084.198531,4387.687356,54524.25947,,1358.277748,3678.186277,14220.12864,4351.569073,15985.67124,1686.410638,6366.963182,1958.033556,9792.03855,,62761.27319,,11556.40919,22031.84999,3352.682588,
2013,,,8731.501562,8988.203588,3875.81297,596.8054806,,5767.109443,76.07916935,297.6831512,151.663775,69.81206675,374.7360158,8.770588134,81.2696938,690.5162178,356.1912239,392.6188311,396.0096975,,,,403.4513575,287.3377956,10.83182859,212.2962404,226.2548593,20.13164525,1002.04603,44.33302876,30.41230825,67.19342571,72.24631814,142.2808778,138.7179425,23.68277891,120.1317969,365.7948191,99.92879307,2114.316041,75.15304876,213.9274218,13.32298073,29.46554348,,3901.387384,805.91419,,84.27989989,400.6577079,68.32841881,258.6531767,315.2220272,381.6323624,,,18.39136247,0,123.1294764,365.4841487,244.9649048,312.6820576,0.050625247,307.642165,124.3018934,5252.51205,72.57321103,0,235.8314808,,15977.4182,732147.9169,,3936.286359,676.6696565,26229.14181,5069.174365,9886.538387,3003.121352,36.09843239,339.7565982,3134.91461,1032.365582,29.92712376,,,1671.626525,100.858296,,,,,184208.7558,45492.08244,,36367.79576,85.82381125,10288.93491,,190.8799948,2563.593355,51602.87429,329.8307495,7953.953752,1556.918008,,376.9722318,276.481858,7732.459322,23.34936405,4325.074223,,3110.535189,8754.443916,5775.914957,32.5669194,,,21026.00611,58.45137686,1894.693438,94.88864478,,,192.2126524,174.8789598,739.8603803,876.5894995,2052.315268,,453.7455285,,1116.806039,44.37894759,268.5753079,336.4916778,60.88517111,114.8702293,8311.955754,2171.723424,860.5015816,885.4423855,463.0830987,,,411.0586238,2120.744262,705.8076476,345.5502881,26.94413169,63800.27344,2047.135467,,,3091.373373,5017.522977,332.1809214,3872.759519,3812.259882,47916.32945,41980.14098,4919.765917,0,1070.755172,27315.0613,240.8164789,50.0435896,9551.840751,6033.273994,4334.476377,15754.65972,5113.746914,4763.85005,52355.23491,,1498.86726,3647.856759,11232.6835,8023.682627,16475.5756,1578.331416,6024.028163,2057.740704,9183.348615,,71924.59722,,11868.24436,26988.8733,3084.854091,
2014,,,10055.81285,8317.333498,3843.028339,713.0139338,,6154.210763,83.15947829,344.3422345,162.2750579,67.94522212,376.3341336,9.007271884,52.02725331,367.0819643,678.3581363,355.4517944,478.2706906,,155.5416302,,438.0021686,202.5994485,16.69172117,283.9184294,209.5326701,20.2295612,910.9684648,47.07635234,27.14096497,67.18654566,53.48080854,200.1222398,135.4810545,19.47528024,134.6039604,537.910818,138.571056,1922.193101,85.36269604,219.3349112,31.18977582,45.2954706,,3905.313913,1050.770246,,84.75710148,446.3778989,78.30315079,273.6902753,387.8449062,394.6696006,,,20.3584478,0,126.9160424,421.7232282,238.529311,292.6860776,0.052980143,308.7016093,119.9878411,5487.184866,78.47842428,0,198.5541734,,16238.03605,687111.9303,,4072.250872,709.4604445,26753.61686,5143.982518,9750.299334,2952.786271,40.18988365,358.5236805,3105.685757,1065.269992,17.8684007,,,1666.052667,111.7230975,72.57877373,,,,200022.9355,45977.90148,,37798.44255,92.68372261,10229.26102,,232.8189522,2740.111063,54276.18622,372.7870006,8356.511611,1825.601365,,489.9417014,304.7143821,6812.775832,,4358.693612,,2885.670715,9010.287722,5817.889137,30.23091607,,,22820.05805,76.7021212,1971.69252,105.7380855,,,186.8344213,170.1292917,691.5178123,983.6004627,2042.215686,,485.6840247,,1100.045709,48.75291582,278.5405775,404.6095837,63.93031639,113.1822268,9247.476278,2373.191316,868.9541255,914.0743613,443.7580662,,,417.3759739,2128.173138,716.1165849,334.7545316,29.50589822,68378.31685,2812.323871,,,3116.577774,4936.185399,313.2573044,3702.571742,3616.470743,48750.21992,41031.61818,4879.615405,0,1066.905322,25216.06526,258.3485012,52.4563691,9565.136853,6294.728327,3785.837431,15731.45747,5417.837327,4316.118748,50995.55438,,1598.553485,3979.37607,11140.94392,6984.166881,17725.09075,1644.207142,6012.23782,2369.227512,8517.180528,,84772.21234,,11954.84021,25468.06044,2967.948,
2015,,,10520.26545,,3548.505847,850.6430034,,3592.301062,96.97435272,417.6933529,160.560166,69.620555,386.3576845,9.554456705,31.55366272,238.5526378,,508.3965348,617.5443117,,150.82908,,446.8016827,199.0762219,15.1583634,227.0815451,232.4503703,18.93642634,983.1087367,49.51879418,25.39782746,64.27399214,42.40212194,334.4820231,129.1487509,19.04980866,129.3214024,589.7172085,,1875.038749,100.2555864,234.6494128,18.33684506,38.31521003,,3937.651076,843.597154,1511.988219,85.80599916,518.8104806,77.51563057,303.7271093,414.9095441,413.8370966,,,20.32998923,0,116.3165605,452.832988,254.4635452,290.8086304,0.076886083,358.5987733,124.5120342,5153.483347,96.31119434,0,201.987682,,18656.06067,671508.5986,,4032.868701,626.8654323,26133.64614,5130.728491,9801.114903,2647.483108,47.99735978,393.4664137,3463.068216,1080.472652,13.58778742,,,1714.415449,115.2306259,78.69190332,,,,213526.274,46788.34441,,39266.85245,91.21839989,10780.98243,,186.1888665,3095.440433,54292.20206,358.0034565,9078.040747,1967.605809,,428.9102434,354.818613,7922.503868,,4693.094703,,3157.903374,9610.173535,6184.931585,37.50884309,,,25154.76957,47.91855843,1998.890818,99.68458432,,,162.6751131,175.2034335,701.0364924,979.5257969,2122.852256,,528.5501753,,1237.379216,54.70770143,317.9744119,539.0598284,63.43637006,109.3114837,11005.02303,2737.713018,836.317928,1084.127002,439.9136653,,,451.8080846,2262.082104,703.3877798,298.1027923,30.16387298,73694.15867,3432.07762,,,2980.019105,4753.076274,350.7784669,3663.894104,3697.5961,50083.84126,40887.76697,5174.743251,0,1070.007048,24145.53628,304.4376675,56.88910198,9542.004804,6248.914417,3908.402833,16721.84097,5476.052096,4495.205032,49838.09392,,1534.30668,4219.035064,11719.20084,9565.97893,17970.88003,1729.495456,6055.567241,2428.276695,7806.97228,,90409.17407,,12301.57042,,,
2016,,,10551.6657,,3570.128341,905.7472201,,2833.568075,85.84521295,586.2941239,163.030987,69.66227023,420.4622513,11.08051798,30.39908528,340.6572564,544.2019215,434.4608055,650.3484826,,151.2627719,,487.6524221,232.7598709,,171.5718137,188.0998998,17.26218626,1057.647166,50.51436423,22.45917265,65.78168941,43.06561027,400.4008443,142.6575738,24.6289094,141.6034737,523.3703335,187.749683,1810.983204,106.4122023,331.0687869,22.44518303,47.01099303,,3872.585149,246.2403531,1584.490782,100.5456833,567.7534648,87.48494236,315.3394622,338.1678985,399.6491336,,,22.23963051,0,125.1428548,477.6182384,252.8335758,318.5909891,0.074685242,374.5378194,141.2825477,5762.678589,83.94608963,0,219.0043796,,18903.52112,669448.0312,,3923.522226,580.8407676,24806.97251,5299.662957,9663.340281,2518.03281,53.03856468,365.6542931,2713.543109,1106.985327,7.289886367,,,1448.900585,123.0468545,,,,,225558.2689,46505.39813,,40250.72639,93.10278305,10595.66497,,184.4469911,3402.034368,59833.40741,380.3401497,9382.273529,1716.924852,,413.1146939,403.7860702,7393.514387,,4493.10472,,3251.237249,10217.74979,6531.106535,26.96801045,,,27545.59248,58.82931933,2143.7407,83.7449242,,,156.5705373,172.9294956,751.0069768,931.1221648,2301.067424,,568.1685657,,1413.530717,56.8480804,458.2914884,722.4385758,69.19628034,113.8621981,10395.45453,2888.538305,829.4290769,1111.859613,494.7099418,,,444.221297,1508.698204,655.0279176,320.3317071,35.78058994,79007.43585,3506.972925,,,3207.09599,4733.652949,321.4406292,3906.180221,3712.102656,52025.66898,43783.66025,5390.41065,0,1077.891984,27352.94654,287.4178949,65.30497337,10031.05905,6485.476339,4516.005842,15505.56371,5548.34585,4675.66298,49912.24056,,1558.244541,3974.970924,13279.95996,5987.794933,18911.3789,1909.833065,6622.07794,2849.515053,8133.762541,,64698.25715,,14422.76845,,,
2017,,,9992.948377,,3675.145149,840.8492685,,2417.175776,123.4262211,547.875573,204.7373819,60.0264958,433.9469871,9.960148263,29.54150399,240.8169565,397.5068982,343.1482386,532.2776576,,,,498.6012761,295.9764037,,196.0694975,197.8967979,20.38685982,1085.408982,54.80423066,16.47559423,66.91028203,53.25991097,494.6308249,148.8970484,23.7577147,143.0504901,475.8115594,217.7841597,1731.749129,111.1792556,324.1911625,21.89651148,42.68190921,,3829.087677,106.1421407,2056.843329,92.0329243,619.4328685,94.28197917,344.6115473,329.2085751,376.6423242,,,23.24919588,0,123.2838509,529.7495358,263.744671,278.8364721,0.080568228,408.3961963,148.4986607,5221.306798,86.22523494,0,203.9710826,,22834.76677,662550.406,,4318.796565,589.1232213,26424.02611,5557.751746,10312.1087,2457.181009,59.86882363,354.7395106,2683.688525,1169.379943,8.710224524,,,1391.204012,123.3187701,,,,,238476.4502,46542.49165,,40991.09552,92.39515209,10736.44541,,181.3589606,3314.754872,64571.55345,437.6185718,10391.27459,1787.787853,,356.2611379,475.5234105,8523.435705,,3775.567431,,4125.057548,10489.76705,6732.861968,26.02579011,,,27496.32525,77.6215072,2287.763275,82.54857688,,,162.4746294,165.9556725,778.6260199,989.2607894,2298.165414,,584.7998841,,1533.352092,60.87376343,520.3996002,877.3622291,70.95692244,107.7119107,10630.33048,3919.326802,890.2858106,1131.34125,507.0863217,,,454.7036641,1584.045925,629.3717721,316.1203816,35.04082676,63652.33385,3504.890637,,,3367.440647,4736.294097,381.3513763,3984.967785,3648.529025,52710.1692,45339.57625,5386.107263,0,1083.603921,28138.90913,382.0095591,68.35672203,10250.29801,6753.020969,3905.14279,17160.04833,5548.078482,4703.476298,49412.1872,,1564.666953,3354.212803,14677.86848,7437.158691,19738.80051,2026.264812,6829.891333,2589.209779,6862.617837,,72136.02394,,15480.22628,,,
2018,,,9583.724288,,3696.856945,844.2273671,,1983.613748,90.21242599,498.0874324,305.7810791,65.43659526,429.8921806,10.71407113,30.51764841,253.1741233,292.2604653,295.3483646,607.8482179,,,,512.0290567,261.2173951,11.48722494,218.4442536,197.0795264,,1113.648362,51.06434775,13.7295,73.25842524,58.36917344,481.7281845,159.013353,23.01746077,169.5895789,455.5690843,229.6399061,2043.051719,118.959174,385.1323631,22.62799002,29.6224781,,3670.400753,149.0924247,1047.87872,90.80243255,698.8766778,104.3789946,408.3675667,378.025431,420.364,,,23.1924375,0,128.609127,593.6787221,294.61,273.1149768,0.079690888,385.3200642,209.6758209,5839.521271,81.59393269,0,162.0899768,,22729.32758,682491.4,,3842.852365,618.8420831,28177.40687,5545.831933,10134.71959,2549.4,62.22935555,386.5563896,2648.683287,1271.117731,,,,1572.401182,127.1483467,,,1440.385072,,253491.5361,46617.95486,,43069.97334,96.06748986,10504.77581,,198.0747286,3692.284518,66257.80172,429.3730059,11528.86569,1681.433577,,357.7087675,543.2051833,7556.824711,,3469.828207,,2842.618672,10835.23624,6876.114543,20.61,,,26839.82091,83.1368888,2525.003415,79.95690579,,,175.8866886,172.0733178,961.2972746,966.3587168,2710.017583,,606.682955,,1791.545365,63.34407422,723.5343413,1056.383745,78.9065543,119.5869742,12040.67342,4359.021209,817.742206,1295.988102,529.4961227,,,608.8546499,1672.176471,715.1666887,327.4401409,37.40468953,61387.54698,4169.707536,,,3387.982012,4840.480153,445.1919786,4558.690187,3756.949117,51409.81284,46511.57301,5757.114361,0,1107.137377,27807.5139,393.2435174,66.86909104,11114.92747,7067.073381,4420.169257,17823.27113,5732.822794,4654.732701,49892.13748,,1527.659574,3119.587364,11230.85229,6317.97715,19759.17345,1957.746479,7296.266526,2775.557816,7565.344603,,74400,,19648.69382,,,
2019,,,10334.32742,,3761.34796,1039.092209,,1810.490265,72.02014181,527.966621,373.2766837,62.49075403,435.9999242,10.13305372,33.16763105,240.3796531,311.6620114,341.3852428,559.4937144,,,,503.5976956,273.191826,14.1428046,243.7218641,181.9464807,,1095.140219,46.18212993,13.62094918,78.29656152,62.81366513,499.154404,160.5411527,22.67436531,133.0245847,426.6569953,183.7538964,1875.507859,122.3293788,364.4236282,21.76020584,27.80951402,,3616.9764,137.9149503,951.3420732,93.21778227,780.8417922,177.3578258,622.054593,327.9158191,208.9051611,,,23.04450196,0,,625.9800694,316.6843143,338.3645272,0.11993001,396.7326333,252.1379757,6300.189936,81.30788054,0,164.8143255,,22278.65242,718688.7039,,3487.899394,588.1479015,28029.8901,5561.540094,10797.46202,2458.522644,66.68768509,416.4913101,2694.566045,1220.48281,,,,1863.419223,124.1421687,,,,,266448.7976,46562.05058,,46280.82977,97.10402126,10617.74332,,237.9777388,4181.590911,70794.44276,419.9981112,11740.48737,1760.476403,,419.0595598,593.170243,7380.095402,,3827.183111,,3326.873394,11261.71248,6969.823489,33.57137975,,,27394.71126,83.5589618,3013.936265,78.65374496,,,197.3993584,191.0878495,2186.770517,1054.173384,2994.250905,,674.796646,,1981.525094,67.37259861,726.5508855,1116.66027,93.08960593,155.7452227,12342.58851,5098.303768,1172.956622,1916.687597,588.8222213,,,658.364849,1803.729818,759.8487117,337.1070337,43.80724176,64144.26068,4557.432071,,,3361.849377,5003.177529,420.4446286,4750.637371,4137.459382,52228.85389,51189.75981,5732.207339,0,1159.243042,28036.77875,444.3543413,86.7359522,12403.76078,7399.41843,4715.579876,17985.69576,6326.103906,5234.576312,49915.65147,,1385.396725,3104.563343,9581.513053,7662.630066,20102.34291,1991.878516,7638.059233,2445.690957,6676.096987,,62524.54374,,20795.81858,,,
